Target Vertex Index,Source Vertex Index,Best Sigma,Best Variance Explained,Eccentricity,Polar Angle
116220.0,5322.0,7.07469387755102,0.7571346310885172,7.799729342268844,9.172327690374463
9979.0,5324.0,3.2212244897959184,0.6854212247903502,7.718486470334508,-3.9664807904250545
9978.0,5322.0,6.860612244897959,0.7761186699253986,7.799729342268844,9.172327690374463
9970.0,408.0,8.145102040816328,0.7439613026824845,0.9548515146965799,-2.2401143320556467
9980.0,408.0,3.4353061224489796,0.679716045910602,0.9548515146965799,-2.2401143320556467
10754.0,5322.0,6.0042857142857144,0.7802039520666595,7.799729342268844,9.172327690374463
10740.0,106752.0,6.646530612244899,0.7450278602684723,4.353645737779661,-5.816758609874147
10739.0,5322.0,5.576122448979592,0.7364466414257604,7.799729342268844,9.172327690374463
115038.0,4737.0,1.0804081632653062,0.7871624670068443,7.526888367028988,5.514362866982926
10753.0,5320.0,5.790204081632654,0.7609239576815758,7.912728727637675,13.315742011451494
11531.0,106752.0,7.07469387755102,0.7056871539331908,4.353645737779661,-5.816758609874147
10752.0,5320.0,5.790204081632654,0.765576316479639,7.912728727637675,13.315742011451494
95314.0,4730.0,0.866326530612245,0.78986798977684,7.7006464401307095,0.7449144473844935
11530.0,5335.0,8.57326530612245,0.6952948334704292,4.958671166428852,35.47366601669363
10768.0,4271.0,2.150816326530612,0.7613151566499812,5.189722770938638,3.2995139779792564
11549.0,5320.0,5.576122448979592,0.7356706472846993,7.912728727637675,13.315742011451494
10730.0,106752.0,6.860612244897959,0.737215322848646,4.353645737779661,-5.816758609874147
9958.0,106752.0,6.860612244897959,0.6988382201829113,4.353645737779661,-5.816758609874147
10729.0,106752.0,7.07469387755102,0.785850737611253,4.353645737779661,-5.816758609874147
11513.0,106752.0,7.07469387755102,0.7634135212159016,4.353645737779661,-5.816758609874147
10731.0,5335.0,6.860612244897959,0.5338277831365701,4.958671166428852,35.47366601669363
11497.0,5892.0,8.78734693877551,0.7391074866897411,7.7858198894999715,14.958734808218608
10720.0,113868.0,9.001428571428571,0.5264128276831801,1.2373356688361943,7.109990823650737
107416.0,5892.0,6.432448979591837,0.7694733851192797,7.7858198894999715,14.958734808218608
11474.0,109309.0,2.3648979591836734,0.4335241711477011,8.739502930532357,28.229907904173988
10710.0,109309.0,2.3648979591836734,0.4140433154265032,8.739502930532357,28.229907904173988
11484.0,113868.0,9.001428571428571,0.6072663871866348,1.2373356688361943,7.109990823650737
10721.0,104157.0,1.0804081632653062,0.4454887835399039,6.187887771783936,84.42783953332535
10711.0,104157.0,0.866326530612245,0.441813525318656,6.187887771783936,84.42783953332535
11475.0,109309.0,2.3648979591836734,0.3563197089161158,8.739502930532357,28.229907904173988
9231.0,4231.0,0.866326530612245,0.5787684433083402,7.815072697042516,-9.8445017244634
9971.0,408.0,3.649387755102041,0.6447875754584369,0.9548515146965799,-2.2401143320556467
9225.0,4713.0,1.72265306122449,0.623967266659667,7.967571041809499,14.890770058050375
115945.0,4731.0,2.150816326530612,0.7435002780762686,7.788165340316236,-8.629593256921899
104503.0,4231.0,0.6522448979591837,0.5104228354067128,7.815072697042516,-9.8445017244634
9236.0,5324.0,3.007142857142857,0.6038830815043171,7.718486470334508,-3.9664807904250545
9987.0,4737.0,1.0804081632653062,0.783229780792617,7.526888367028988,5.514362866982926
9959.0,4713.0,1.72265306122449,0.5910783500511981,7.967571041809499,14.890770058050375
9212.0,4713.0,1.72265306122449,0.6227027304183388,7.967571041809499,14.890770058050375
9960.0,5871.0,4.077551020408164,0.6064795213248759,7.717100343604948,-3.8151150745432307
9946.0,97466.0,8.359183673469389,0.5484298638295954,2.977491054765425,14.499975023275857
9947.0,104157.0,1.2944897959183674,0.617411478821302,6.187887771783936,84.42783953332535
9936.0,104157.0,1.2944897959183674,0.556433330660453,6.187887771783936,84.42783953332535
9937.0,104157.0,1.2944897959183674,0.6204134127403155,6.187887771783936,84.42783953332535
10712.0,104157.0,1.2944897959183674,0.5174710063173535,6.187887771783936,84.42783953332535
9237.0,4231.0,0.6522448979591837,0.6222285465979326,7.815072697042516,-9.8445017244634
99742.0,4731.0,2.150816326530612,0.7539977975948982,7.788165340316236,-8.629593256921899
9988.0,4731.0,2.150816326530612,0.7327421626852022,7.788165340316236,-8.629593256921899
9232.0,4715.0,1.0804081632653062,0.6174254074040277,7.727975301674893,-4.944956678589837
8503.0,4231.0,0.6522448979591837,0.5425726315729307,7.815072697042516,-9.8445017244634
9213.0,4713.0,1.72265306122449,0.6485576721653012,7.967571041809499,14.890770058050375
98755.0,4702.0,0.866326530612245,0.6772119807562769,7.822439594566267,-10.150736124959934
9202.0,5339.0,0.866326530612245,0.6424746087432027,7.908049819524352,13.1718200641346
95269.0,5353.0,6.0042857142857144,0.662009326601021,6.154365854297017,20.556203194997586
9948.0,104157.0,1.508571428571429,0.6458462006036161,6.187887771783936,84.42783953332535
9203.0,5352.0,5.36204081632653,0.6276792967557127,5.209049506134754,27.755549168842265
8515.0,4699.0,3.863469387755102,0.5881261330748342,7.981607499976985,25.765450927101657
8514.0,4231.0,0.6522448979591837,0.5712179613298591,7.815072697042516,-9.8445017244634
8504.0,4715.0,1.0804081632653062,0.6223144279201547,7.727975301674893,-4.944956678589837
8494.0,4715.0,1.0804081632653062,0.6707180593135185,7.727975301674893,-4.944956678589837
7827.0,106752.0,3.2212244897959184,0.6868310101472963,4.353645737779661,-5.816758609874147
112186.0,106752.0,3.2212244897959184,0.7017857956631987,4.353645737779661,-5.816758609874147
7837.0,4699.0,3.863469387755102,0.5667037685101382,7.981607499976985,25.765450927101657
8522.0,4715.0,1.0804081632653062,0.6227582981708757,7.727975301674893,-4.944956678589837
7838.0,5324.0,10.071836734693878,0.6676348418137155,7.718486470334508,-3.9664807904250545
8521.0,4702.0,0.866326530612245,0.7507022526867968,7.822439594566267,-10.150736124959934
9949.0,104157.0,1.508571428571429,0.6183201309695381,6.187887771783936,84.42783953332535
9204.0,4289.0,2.578979591836734,0.6523815289633135,3.4993786073738855,45.9807602867363
8486.0,4718.0,3.007142857142857,0.6711524634786075,7.908221478849951,-13.177098080928701
9961.0,4289.0,2.578979591836734,0.6504441297945904,3.4993786073738855,45.9807602867363
9962.0,4289.0,2.578979591836734,0.682890594828617,3.4993786073738855,45.9807602867363
9215.0,4718.0,3.007142857142857,0.6862330599314785,7.908221478849951,-13.177098080928701
9216.0,97466.0,9.001428571428571,0.7051050238693246,2.977491054765425,14.499975023275857
8487.0,4714.0,2.150816326530612,0.7040542846373352,7.029932827368202,12.346849209606932
8496.0,4703.0,1.2944897959183674,0.7315263981112742,7.878099210012543,-12.206580171038746
110535.0,4718.0,3.007142857142857,0.6966756228545358,7.908221478849951,-13.177098080928701
9217.0,4703.0,1.2944897959183674,0.7197301261895559,7.878099210012543,-12.206580171038746
8505.0,4703.0,1.2944897959183674,0.7275544449133018,7.878099210012543,-12.206580171038746
8497.0,4703.0,1.2944897959183674,0.7345242681501374,7.878099210012543,-12.206580171038746
9973.0,4703.0,1.2944897959183674,0.7001400919886913,7.878099210012543,-12.206580171038746
9233.0,4703.0,1.2944897959183674,0.7115515748494541,7.878099210012543,-12.206580171038746
8516.0,106752.0,3.007142857142857,0.7202691671618273,4.353645737779661,-5.816758609874147
9982.0,4703.0,1.0804081632653062,0.7030726393570527,7.878099210012543,-12.206580171038746
9238.0,4703.0,1.2944897959183674,0.7138247068650676,7.878099210012543,-12.206580171038746
9990.0,4703.0,1.0804081632653062,0.6998467621571419,7.878099210012543,-12.206580171038746
8524.0,4260.0,1.508571428571429,0.7098911322379327,5.794470823993435,9.6587520525198
10713.0,104157.0,1.2944897959183674,0.5692140962536574,6.187887771783936,84.42783953332535
10722.0,104157.0,1.2944897959183674,0.6183170352032268,6.187887771783936,84.42783953332535
10723.0,104157.0,1.508571428571429,0.6341658426209604,6.187887771783936,84.42783953332535
115606.0,104157.0,1.508571428571429,0.6297489938449751,6.187887771783936,84.42783953332535
10733.0,4289.0,2.150816326530612,0.6231344958232656,3.4993786073738855,45.9807602867363
10743.0,4289.0,2.578979591836734,0.6786809701901231,3.4993786073738855,45.9807602867363
9972.0,97466.0,9.001428571428571,0.7091659551013968,2.977491054765425,14.499975023275857
9981.0,97466.0,9.001428571428571,0.7035697750588396,2.977491054765425,14.499975023275857
117998.0,4288.0,1.72265306122449,0.6992525959716529,3.4574599865887934,52.899633517636694
116011.0,4730.0,0.866326530612245,0.7446707372244674,7.7006464401307095,0.7449144473844935
10769.0,4271.0,3.007142857142857,0.7554291574501764,5.189722770938638,3.2995139779792564
9242.0,4737.0,1.0804081632653062,0.7664812469007454,7.526888367028988,5.514362866982926
9244.0,97466.0,9.001428571428571,0.7066639193949376,2.977491054765425,14.499975023275857
9989.0,4288.0,1.72265306122449,0.6812331564577503,3.4574599865887934,52.899633517636694
10700.0,104157.0,0.866326530612245,0.4037677585808643,6.187887771783936,84.42783953332535
10701.0,7734.0,8.359183673469389,0.4372386154135118,7.768947128885257,125.2012377955252
11476.0,7734.0,8.359183673469389,0.4561949750618137,7.768947128885257,125.2012377955252
116128.0,104157.0,1.2944897959183674,0.5356336515427352,6.187887771783936,84.42783953332535
11485.0,104157.0,1.2944897959183674,0.6186499649200586,6.187887771783936,84.42783953332535
99674.0,104157.0,1.2944897959183674,0.6369988986171577,6.187887771783936,84.42783953332535
10732.0,104157.0,1.508571428571429,0.6656468490373099,6.187887771783936,84.42783953332535
10742.0,4289.0,2.150816326530612,0.6478169907918505,3.4993786073738855,45.9807602867363
10757.0,4289.0,2.578979591836734,0.684431205735549,3.4993786073738855,45.9807602867363
10756.0,4289.0,2.150816326530612,0.6611825471469177,3.4993786073738855,45.9807602867363
10741.0,5352.0,6.860612244897959,0.6618592854916113,5.209049506134754,27.755549168842265
10755.0,97466.0,10.071836734693878,0.7067377160847091,2.977491054765425,14.499975023275857
10771.0,97466.0,9.001428571428571,0.6721896651347675,2.977491054765425,14.499975023275857
11564.0,4261.0,1.72265306122449,0.7029105425524733,5.813284910009425,3.394187184692723
10785.0,4271.0,1.9367346938775512,0.7236693381485542,5.189722770938638,3.2995139779792564
103021.0,4261.0,1.72265306122449,0.6834543098170294,5.813284910009425,3.394187184692723
9995.0,4271.0,2.150816326530612,0.7586333089395338,5.189722770938638,3.2995139779792564
10770.0,97466.0,9.001428571428571,0.7119042559673049,2.977491054765425,14.499975023275857
10787.0,97466.0,9.001428571428571,0.658893682114599,2.977491054765425,14.499975023275857
9996.0,97466.0,9.001428571428571,0.6800353608712131,2.977491054765425,14.499975023275857
10800.0,97466.0,9.215510204081632,0.6791041907577223,2.977491054765425,14.499975023275857
10786.0,97466.0,9.001428571428571,0.6840773354416263,2.977491054765425,14.499975023275857
10799.0,4738.0,0.866326530612245,0.7104062252068847,7.04785124648533,-1.092365443393033
10008.0,97466.0,9.215510204081632,0.7042540595339439,2.977491054765425,14.499975023275857
10019.0,4715.0,1.0804081632653062,0.6992543539367613,7.727975301674893,-4.944956678589837
11473.0,7132.0,2.793061224489796,0.5140629971720538,7.130935795922857,12.37813511029199
114361.0,109309.0,2.3648979591836734,0.3752407600389594,8.739502930532357,28.229907904173988
11465.0,104157.0,0.6522448979591837,0.337381533353536,6.187887771783936,84.42783953332535
11464.0,109309.0,2.3648979591836734,0.3249866816244551,8.739502930532357,28.229907904173988
11467.0,7734.0,8.359183673469389,0.4282468182405335,7.768947128885257,125.2012377955252
12252.0,7734.0,8.359183673469389,0.5069404820908612,7.768947128885257,125.2012377955252
12237.0,7734.0,8.359183673469389,0.4517993202408354,7.768947128885257,125.2012377955252
11496.0,113868.0,9.001428571428571,0.7288736124073211,1.2373356688361943,7.109990823650737
12268.0,104157.0,1.2944897959183674,0.6153617689134951,6.187887771783936,84.42783953332535
11498.0,104157.0,1.2944897959183674,0.6989261798776001,6.187887771783936,84.42783953332535
11495.0,5892.0,5.576122448979592,0.740791902617959,7.7858198894999715,14.958734808218608
12267.0,113868.0,9.001428571428571,0.6664605222147901,1.2373356688361943,7.109990823650737
12266.0,5892.0,8.78734693877551,0.7291154698640814,7.7858198894999715,14.958734808218608
12281.0,6518.0,3.649387755102041,0.6920970399471604,9.088857623270828,32.092689274211466
12295.0,5892.0,8.359183673469389,0.7294017297798419,7.7858198894999715,14.958734808218608
11514.0,5320.0,4.719795918367347,0.7224300848391074,7.912728727637675,13.315742011451494
115424.0,5892.0,5.790204081632654,0.7241667314859705,7.7858198894999715,14.958734808218608
106023.0,5320.0,4.719795918367347,0.7196065476045514,7.912728727637675,13.315742011451494
12307.0,5331.0,5.1479591836734695,0.7502974203391909,4.412921212489039,51.742826879705405
12294.0,5335.0,8.57326530612245,0.6724491712714769,4.958671166428852,35.47366601669363
11512.0,5892.0,5.36204081632653,0.6837195621636523,7.7858198894999715,14.958734808218608
11529.0,5335.0,8.57326530612245,0.6435826218880211,4.958671166428852,35.47366601669363
11548.0,4725.0,1.508571428571429,0.685642869002202,7.831748705490203,-10.524574473670796
11563.0,4273.0,1.0804081632653062,0.6283406313492106,3.5879320729318804,55.29676301236817
12236.0,7734.0,8.359183673469389,0.4198242365998562,7.768947128885257,125.2012377955252
12937.0,7734.0,7.502857142857144,0.3963565977273932,7.768947128885257,125.2012377955252
12253.0,7734.0,7.502857142857144,0.4612785783951936,7.768947128885257,125.2012377955252
12238.0,7734.0,7.502857142857144,0.3684640097694547,7.768947128885257,125.2012377955252
98653.0,7734.0,7.502857142857144,0.2421281691991339,7.768947128885257,125.2012377955252
12938.0,7734.0,7.502857142857144,0.2563051946311092,7.768947128885257,125.2012377955252
12957.0,7734.0,7.502857142857144,0.3668557759874234,7.768947128885257,125.2012377955252
12269.0,7733.0,8.359183673469389,0.5653364705060273,8.592999017385722,119.07172431606469
12969.0,113868.0,3.863469387755102,0.4480141462516985,1.2373356688361943,7.109990823650737
12966.0,113868.0,9.001428571428571,0.6921035638305888,1.2373356688361943,7.109990823650737
12280.0,5892.0,5.36204081632653,0.7120272335667936,7.7858198894999715,14.958734808218608
12965.0,5892.0,5.576122448979592,0.6989610169356772,7.7858198894999715,14.958734808218608
12954.0,7132.0,2.793061224489796,0.538222354255973,7.130935795922857,12.37813511029199
12982.0,7733.0,8.359183673469389,0.5423884441359067,8.592999017385722,119.07172431606469
12980.0,5892.0,5.36204081632653,0.6882357840550082,7.7858198894999715,14.958734808218608
12279.0,5892.0,5.1479591836734695,0.7059557029957833,7.7858198894999715,14.958734808218608
12296.0,6518.0,3.649387755102041,0.6664750103588034,9.088857623270828,32.092689274211466
116518.0,5335.0,8.57326530612245,0.6866739755753453,4.958671166428852,35.47366601669363
96453.0,5335.0,8.57326530612245,0.6255595321893859,4.958671166428852,35.47366601669363
12998.0,104157.0,1.508571428571429,0.7230946370036512,6.187887771783936,84.42783953332535
114485.0,5336.0,5.1479591836734695,0.7562733930082584,5.34254478210481,30.367302923033794
12317.0,4748.0,3.2212244897959184,0.7714584297029152,5.786127675248208,18.703689922085164
11532.0,4735.0,5.1479591836734695,0.7473662789833144,6.731106685430282,15.431544111230325
12316.0,4756.0,5.576122448979592,0.7644151403414939,4.095916406535763,45.1833705548424
11550.0,4748.0,3.2212244897959184,0.7689027449419148,5.786127675248208,18.703689922085164
11551.0,4729.0,4.719795918367347,0.7707585281645756,7.747496795817588,6.347630902083293
12936.0,7734.0,8.359183673469389,0.3979744123589213,7.768947128885257,125.2012377955252
13717.0,7734.0,7.502857142857144,0.2925439393968915,7.768947128885257,125.2012377955252
12967.0,7734.0,9.429591836734694,0.5231958969272643,7.768947128885257,125.2012377955252
12250.0,109309.0,2.3648979591836734,0.4451466325601015,8.739502930532357,28.229907904173988
12955.0,109309.0,2.3648979591836734,0.4777881881419886,8.739502930532357,28.229907904173988
12968.0,7734.0,9.429591836734694,0.5467445225657331,7.768947128885257,125.2012377955252
12956.0,7734.0,8.359183673469389,0.4658856262853292,7.768947128885257,125.2012377955252
12251.0,109309.0,2.3648979591836734,0.3761514571352249,8.739502930532357,28.229907904173988
12935.0,7734.0,8.359183673469389,0.3717467150483154,7.768947128885257,125.2012377955252
13740.0,7734.0,9.215510204081632,0.5453956850882122,7.768947128885257,125.2012377955252
13716.0,7734.0,8.359183673469389,0.425767206938014,7.768947128885257,125.2012377955252
12981.0,5892.0,5.576122448979592,0.7263840644142845,7.7858198894999715,14.958734808218608
13753.0,106752.0,10.5,0.7778084162935909,4.353645737779661,-5.816758609874147
13754.0,7112.0,9.429591836734694,0.6136736544989004,9.064646170235557,31.847699760205934
13755.0,7734.0,9.215510204081632,0.4583891059859371,7.768947128885257,125.2012377955252
12997.0,5335.0,8.57326530612245,0.6901597026496573,4.958671166428852,35.47366601669363
13770.0,106752.0,7.288775510204082,0.7488186204414993,4.353645737779661,-5.816758609874147
13771.0,106752.0,7.288775510204082,0.8070192708186497,4.353645737779661,-5.816758609874147
13787.0,5321.0,5.576122448979592,0.6142934519257204,7.858630610699749,11.64632263300639
12996.0,5335.0,8.57326530612245,0.6555707810822811,4.958671166428852,35.47366601669363
118556.0,5372.0,9.215510204081632,0.647283618983453,2.9481234238077096,81.5075015616482
112914.0,7734.0,7.502857142857144,0.2810061380017902,7.768947128885257,125.2012377955252
13741.0,6536.0,3.649387755102041,0.2951857489236438,4.143748884219272,63.987671956651106
106756.0,104157.0,0.6522448979591837,0.1336447682914944,6.187887771783936,84.42783953332535
109063.0,6536.0,3.649387755102041,0.1270333609106112,4.143748884219272,63.987671956651106
14568.0,109309.0,2.3648979591836734,0.0458075244028081,8.739502930532357,28.229907904173988
14569.0,109309.0,2.3648979591836734,-0.1048633428269125,8.739502930532357,28.229907904173988
14558.0,104157.0,0.6522448979591837,-0.1825833134135559,6.187887771783936,84.42783953332535
13772.0,106752.0,7.716938775510204,0.7283771714532021,4.353645737779661,-5.816758609874147
14580.0,7733.0,8.57326530612245,0.6051555429402056,8.592999017385722,119.07172431606469
14581.0,109309.0,2.3648979591836734,-0.0964224026910995,8.739502930532357,28.229907904173988
13788.0,5331.0,5.576122448979592,0.6108390668412083,4.412921212489039,51.742826879705405
14610.0,5331.0,5.576122448979592,0.6923199415876109,4.412921212489039,51.742826879705405
14611.0,5974.0,7.288775510204082,0.6346281982804819,3.1477880545788097,117.2156083755298
111788.0,4714.0,1.508571428571429,0.3671550147422769,7.029932827368202,12.346849209606932
14598.0,109309.0,2.3648979591836734,0.0357806769000553,8.739502930532357,28.229907904173988
13010.0,5372.0,9.857755102040818,0.5295104514115948,2.9481234238077096,81.5075015616482
13801.0,5348.0,10.5,0.5558235661867045,4.290922034322321,48.23228905420564
14624.0,5348.0,10.28591836734694,0.6169624500042226,4.290922034322321,48.23228905420564
13800.0,5372.0,9.215510204081632,0.5305564466050718,2.9481234238077096,81.5075015616482
14638.0,5893.0,10.5,0.5821699878548007,7.91090917936828,13.263721480343834
15439.0,5893.0,10.5,0.6157229638917081,7.91090917936828,13.263721480343834
15362.0,109309.0,2.3648979591836734,-0.2997986599220061,8.739502930532357,28.229907904173988
108652.0,104157.0,0.6522448979591837,-0.3191895137882612,6.187887771783936,84.42783953332535
14559.0,104157.0,0.6522448979591837,-0.1569952261249096,6.187887771783936,84.42783953332535
13718.0,104157.0,0.6522448979591837,0.0888883759781368,6.187887771783936,84.42783953332535
15349.0,104157.0,0.6522448979591837,-0.2017211686685778,6.187887771783936,84.42783953332535
14544.0,104157.0,0.6522448979591837,-0.0903171553367059,6.187887771783936,84.42783953332535
15387.0,109309.0,2.3648979591836734,-0.2551080440393505,8.739502930532357,28.229907904173988
117839.0,109309.0,2.3648979591836734,-0.2113917747253832,8.739502930532357,28.229907904173988
14599.0,101208.0,4.719795918367347,-0.3925400091151665,7.011585907492303,14.983682253814687
15405.0,101208.0,4.719795918367347,-0.205260609556928,7.011585907492303,14.983682253814687
15406.0,101208.0,4.719795918367347,-0.3160048046157711,7.011585907492303,14.983682253814687
16146.0,109309.0,2.3648979591836734,-0.1697103303819491,8.739502930532357,28.229907904173988
14625.0,5348.0,9.857755102040818,0.643322115653308,4.290922034322321,48.23228905420564
15418.0,97466.0,7.931020408163265,0.2041781172498518,2.977491054765425,14.499975023275857
14626.0,5893.0,10.28591836734694,0.6127496456864434,7.91090917936828,13.263721480343834
15431.0,5893.0,10.5,0.6195103446897978,7.91090917936828,13.263721480343834
16178.0,106834.0,3.863469387755102,0.197295913535906,1.6677654670820798,119.54520572385854
99604.0,7079.0,10.071836734693878,0.4675751653202462,10.59700017520704,46.60380688660979
14637.0,5893.0,10.5,0.4241396966284464,7.91090917936828,13.263721480343834
14622.0,106834.0,4.077551020408164,0.4144398370451316,1.6677654670820798,119.54520572385854
14623.0,7079.0,10.071836734693878,0.5226279301071489,10.59700017520704,46.60380688660979
15350.0,104157.0,0.6522448979591837,-0.0157293310462793,6.187887771783936,84.42783953332535
16116.0,104157.0,0.6522448979591837,-0.0553016182003314,6.187887771783936,84.42783953332535
15363.0,109309.0,2.3648979591836734,-0.1013285336105098,8.739502930532357,28.229907904173988
15351.0,104157.0,0.6522448979591837,0.1297291517328751,6.187887771783936,84.42783953332535
14545.0,104157.0,0.6522448979591837,0.0841618306565189,6.187887771783936,84.42783953332535
16117.0,104157.0,0.6522448979591837,0.0815850202233208,6.187887771783936,84.42783953332535
15361.0,109309.0,2.3648979591836734,-0.0819803008921162,8.739502930532357,28.229907904173988
116920.0,109309.0,2.3648979591836734,-0.0105959492304215,8.739502930532357,28.229907904173988
16126.0,109309.0,2.3648979591836734,0.1229855203206707,8.739502930532357,28.229907904173988
16127.0,9922.0,9.215510204081632,0.1084828069945139,7.189562020702198,81.07882931666086
111273.0,101208.0,4.719795918367347,-0.1343702302302363,7.011585907492303,14.983682253814687
16162.0,101208.0,4.719795918367347,-0.1784580158776585,7.011585907492303,14.983682253814687
16145.0,97747.0,10.5,-0.267142449727062,5.692628034045017,79.06460099258612
15430.0,7079.0,9.857755102040818,0.4489287124476608,10.59700017520704,46.60380688660979
16864.0,101208.0,10.28591836734694,0.2716823273110946,7.011585907492303,14.983682253814687
16140.0,109309.0,2.3648979591836734,0.1286161626257155,8.739502930532357,28.229907904173988
16877.0,109309.0,2.3648979591836734,0.183450953012406,8.739502930532357,28.229907904173988
16878.0,101208.0,10.28591836734694,0.3615500105745861,7.011585907492303,14.983682253814687
16865.0,9922.0,9.215510204081632,0.2230802951684243,7.189562020702198,81.07882931666086
16876.0,109309.0,2.3648979591836734,0.0741126008330005,8.739502930532357,28.229907904173988
119403.0,109309.0,2.3648979591836734,0.011530728692967,8.739502930532357,28.229907904173988
16895.0,101208.0,4.719795918367347,-0.0901631771816724,7.011585907492303,14.983682253814687
16896.0,109309.0,2.3648979591836734,-0.1993808471448959,8.739502930532357,28.229907904173988
16171.0,114922.0,6.218367346938775,0.057142294136402,7.921463988725006,-13.580146841267663
16907.0,114922.0,6.218367346938775,0.1308012153461032,7.921463988725006,-13.580146841267663
16177.0,106834.0,3.649387755102041,0.326519934568913,1.6677654670820798,119.54520572385854
17614.0,101208.0,10.28591836734694,0.2292307460439511,7.011585907492303,14.983682253814687
17625.0,109309.0,2.3648979591836734,-0.007245437675146,8.739502930532357,28.229907904173988
17613.0,109309.0,2.3648979591836734,0.1315073452521172,8.739502930532357,28.229907904173988
17615.0,101208.0,10.28591836734694,0.4272903986773667,7.011585907492303,14.983682253814687
16879.0,9922.0,10.28591836734694,0.3965838639346056,7.189562020702198,81.07882931666086
17626.0,109309.0,2.3648979591836734,0.0552429917469387,8.739502930532357,28.229907904173988
17627.0,101208.0,10.5,0.1543358965947507,7.011585907492303,14.983682253814687
9214.0,4718.0,2.793061224489796,0.6832318840222831,7.908221478849951,-13.177098080928701
13009.0,5372.0,9.215510204081632,0.5254333224088743,2.9481234238077096,81.5075015616482
12306.0,5372.0,9.215510204081632,0.5674744917869321,2.9481234238077096,81.5075015616482
13719.0,104157.0,0.6522448979591837,0.1947534439913605,6.187887771783936,84.42783953332535
16176.0,106834.0,3.2212244897959184,0.4088141224206039,1.6677654670820798,119.54520572385854
103456.0,4716.0,3.649387755102041,0.8180277614096361,7.935228902179935,-13.98563464178414
7828.0,106752.0,3.2212244897959184,0.7735703185069429,4.353645737779661,-5.816758609874147
7815.0,106752.0,3.2212244897959184,0.7721062914343699,4.353645737779661,-5.816758609874147
103675.0,4715.0,1.2944897959183674,0.6963754350337112,7.727975301674893,-4.944956678589837
115587.0,4714.0,2.150816326530612,0.6990152991337446,7.029932827368202,12.346849209606932
8495.0,106752.0,3.2212244897959184,0.7346155905620159,4.353645737779661,-5.816758609874147
16175.0,106834.0,3.2212244897959184,0.3807741149439397,1.6677654670820798,119.54520572385854
15429.0,106834.0,3.4353061224489796,0.4209106903826556,1.6677654670820798,119.54520572385854
15417.0,106834.0,3.2212244897959184,0.4169724586006746,1.6677654670820798,119.54520572385854
16168.0,106834.0,3.2212244897959184,0.425644225523076,1.6677654670820798,119.54520572385854
15428.0,106834.0,3.649387755102041,0.34521074506036,1.6677654670820798,119.54520572385854
107382.0,106834.0,4.077551020408164,0.2471940720095297,1.6677654670820798,119.54520572385854
15416.0,106834.0,3.4353061224489796,0.3909080000453099,1.6677654670820798,119.54520572385854
114357.0,106834.0,3.649387755102041,0.2710336817279347,1.6677654670820798,119.54520572385854
13812.0,4692.0,3.863469387755102,0.4110688932079109,7.7340791963975315,-5.380938737758161
14636.0,106834.0,4.505714285714285,0.2167147869712887,1.6677654670820798,119.54520572385854
13811.0,106834.0,4.505714285714285,0.1560040766599173,1.6677654670820798,119.54520572385854
119294.0,96603.0,6.432448979591837,0.0745988245063054,7.7975821724554235,-9.074010784574083
13799.0,96258.0,8.57326530612245,0.098720864051062,8.506144788822056,-64.85400145632092
13702.0,104157.0,0.6522448979591837,0.0967771941136321,6.187887771783936,84.42783953332535
13020.0,5372.0,9.215510204081632,0.4617645337816728,2.9481234238077096,81.5075015616482
13019.0,106834.0,4.505714285714285,0.3611656043249274,1.6677654670820798,119.54520572385854
13018.0,4692.0,0.6522448979591837,0.0751607946080862,7.7340791963975315,-5.380938737758161
13810.0,101208.0,4.719795918367347,-0.0086374624835963,7.011585907492303,14.983682253814687
13798.0,106834.0,3.649387755102041,0.3006430027974561,1.6677654670820798,119.54520572385854
13017.0,106834.0,4.077551020408164,0.0874993112339712,1.6677654670820798,119.54520572385854
106510.0,106834.0,3.649387755102041,0.2599729782288363,1.6677654670820798,119.54520572385854
14609.0,106834.0,3.4353061224489796,0.3276574742035395,1.6677654670820798,119.54520572385854
14621.0,106834.0,3.4353061224489796,0.3597455616185043,1.6677654670820798,119.54520572385854
13797.0,106834.0,3.2212244897959184,0.3770353061153223,1.6677654670820798,119.54520572385854
13786.0,5291.0,8.57326530612245,0.5621360874716084,7.8000632743767175,-9.187423384991442
13007.0,600.0,2.793061224489796,0.2176692638056589,1.1843371346655085,13.322645162002837
12995.0,10716.0,0.01,0.3343373640941202,5.306501859765786,70.84010638094917
13785.0,117931.0,10.071836734693878,0.3888787923605591,0.5322311254520338,21.884211617002812
13769.0,5310.0,7.931020408163265,0.4669176844628433,7.700024265263727,0.1439564631373204
14597.0,5310.0,8.57326530612245,0.5928646816359311,7.700024265263727,0.1439564631373204
14608.0,5291.0,9.857755102040818,0.4848114211163142,7.8000632743767175,-9.187423384991442
12994.0,10716.0,0.01,0.3743670047224289,5.306501859765786,70.84010638094917
13784.0,10716.0,0.01,0.26022304156674,5.306501859765786,70.84010638094917
12979.0,10716.0,0.01,0.3175223345581278,5.306501859765786,70.84010638094917
13768.0,10716.0,0.01,0.2952276580741805,5.306501859765786,70.84010638094917
106042.0,4714.0,1.2944897959183674,0.3224413099880089,7.029932827368202,12.346849209606932
12305.0,4691.0,3.007142857142857,0.4871874946146378,7.761063231639018,7.193987568005005
12315.0,4691.0,1.2944897959183674,0.2277684132475791,7.761063231639018,7.193987568005005
12314.0,106834.0,4.2916326530612245,0.2284786912598627,1.6677654670820798,119.54520572385854
13008.0,106834.0,3.863469387755102,0.1844849715946928,1.6677654670820798,119.54520572385854
12304.0,10716.0,0.01,0.2552991898611751,5.306501859765786,70.84010638094917
12303.0,10716.0,0.01,0.4174718106163642,5.306501859765786,70.84010638094917
12293.0,10716.0,0.01,0.3944779255034215,5.306501859765786,70.84010638094917
12277.0,10716.0,0.01,0.3265526725622517,5.306501859765786,70.84010638094917
12264.0,10716.0,0.01,0.3039807173138122,5.306501859765786,70.84010638094917
12964.0,10716.0,0.01,0.2887877225068018,5.306501859765786,70.84010638094917
117869.0,109309.0,2.3648979591836734,0.3223178177964482,8.739502930532357,28.229907904173988
106374.0,7734.0,8.359183673469389,0.3327074394914462,7.768947128885257,125.2012377955252
12322.0,4713.0,1.508571428571429,0.3226450351748223,7.967571041809499,14.890770058050375
12323.0,4714.0,1.508571428571429,0.3218457747419305,7.029932827368202,12.346849209606932
11545.0,9953.0,7.931020408163265,0.2769501502050309,5.056503539069534,76.69298679361735
11547.0,4725.0,1.508571428571429,0.6026263587725369,7.831748705490203,-10.524574473670796
12324.0,4702.0,0.6522448979591837,0.5075452425356608,7.822439594566267,-10.150736124959934
11527.0,10716.0,0.01,0.4090903146658793,5.306501859765786,70.84010638094917
100692.0,10716.0,0.01,0.3696462889547348,5.306501859765786,70.84010638094917
11510.0,10716.0,0.01,0.5297668833779692,5.306501859765786,70.84010638094917
12278.0,10716.0,0.01,0.3680584960469095,5.306501859765786,70.84010638094917
12265.0,10716.0,0.01,0.5029550574069499,5.306501859765786,70.84010638094917
11492.0,10716.0,0.01,0.7057301877601962,5.306501859765786,70.84010638094917
12247.0,10716.0,0.01,0.5347190740929184,5.306501859765786,70.84010638094917
12246.0,10716.0,0.01,0.3633838521963736,5.306501859765786,70.84010638094917
11481.0,10696.0,0.01,0.7342926855382779,6.261164084577747,75.94622082704964
12248.0,10696.0,0.01,0.7272892478598061,6.261164084577747,75.94622082704964
12234.0,116225.0,0.01,0.678680918167479,7.373203633435935,79.06547236313013
12233.0,10716.0,0.01,0.6963936745648172,5.306501859765786,70.84010638094917
12953.0,10716.0,0.01,0.5283629590989092,5.306501859765786,70.84010638094917
12952.0,10716.0,0.01,0.3925112912744699,5.306501859765786,70.84010638094917
11466.0,7734.0,8.359183673469389,0.3964282332262659,7.768947128885257,125.2012377955252
11562.0,4702.0,0.6522448979591837,0.4581640005980328,7.822439594566267,-10.150736124959934
11561.0,4273.0,1.0804081632653062,0.4125660591174092,3.5879320729318804,55.29676301236817
11565.0,4738.0,1.9367346938775512,0.7585091277229818,7.04785124648533,-1.092365443393033
12325.0,4288.0,1.0804081632653062,0.7298605114599278,3.4574599865887934,52.899633517636694
11574.0,4730.0,3.649387755102041,0.7359785720470242,7.7006464401307095,0.7449144473844935
11573.0,3778.0,1.72265306122449,0.7014015283862878,3.7996531498561037,45.71243466614656
10018.0,4738.0,0.866326530612245,0.7561257487130374,7.04785124648533,-1.092365443393033
10029.0,97466.0,9.215510204081632,0.7326560490287204,2.977491054765425,14.499975023275857
10020.0,4702.0,0.866326530612245,0.6835588353948056,7.822439594566267,-10.150736124959934
109540.0,4702.0,0.866326530612245,0.6376079079927527,7.822439594566267,-10.150736124959934
11580.0,4730.0,3.4353061224489796,0.7121471089898963,7.7006464401307095,0.7449144473844935
118358.0,4302.0,2.793061224489796,0.7338104969145902,2.5194976863118295,74.83835944948137
9255.0,97466.0,8.57326530612245,0.6976356894554185,2.977491054765425,14.499975023275857
9256.0,97466.0,9.001428571428571,0.7408854982892852,2.977491054765425,14.499975023275857
9243.0,97466.0,9.001428571428571,0.720504744902687,2.977491054765425,14.499975023275857
9265.0,97466.0,9.215510204081632,0.7355302571617135,2.977491054765425,14.499975023275857
8535.0,4230.0,9.001428571428571,0.7506577381693432,7.03041056965513,12.208575817949415
9257.0,4260.0,1.508571428571429,0.7258915113427666,5.794470823993435,9.6587520525198
9264.0,4702.0,0.866326530612245,0.5058754493668436,7.822439594566267,-10.150736124959934
95216.0,97466.0,8.57326530612245,0.6532623884288324,2.977491054765425,14.499975023275857
8547.0,275.0,8.145102040816328,0.7821466777241554,1.2572943185441667,2.0618448422015674
7868.0,275.0,8.145102040816328,0.7407111793173884,1.2572943185441667,2.0618448422015674
8536.0,4260.0,1.508571428571429,0.7076960663422933,5.794470823993435,9.6587520525198
8523.0,4260.0,1.508571428571429,0.7102710663271495,5.794470823993435,9.6587520525198
7852.0,106752.0,3.007142857142857,0.7245669193699424,4.353645737779661,-5.816758609874147
7851.0,106752.0,3.007142857142857,0.7209527248586672,4.353645737779661,-5.816758609874147
117351.0,106752.0,3.007142857142857,0.7413400592823312,4.353645737779661,-5.816758609874147
7839.0,106752.0,2.793061224489796,0.7656463285845091,4.353645737779661,-5.816758609874147
7829.0,106752.0,3.007142857142857,0.768568984506,4.353645737779661,-5.816758609874147
7817.0,106752.0,3.2212244897959184,0.7756367615136304,4.353645737779661,-5.816758609874147
7816.0,106752.0,3.2212244897959184,0.7817728024695276,4.353645737779661,-5.816758609874147
7880.0,275.0,8.57326530612245,0.7959000786264159,1.2572943185441667,2.0618448422015674
7233.0,428.0,8.359183673469389,0.7167476760754009,0.9683419381322846,-14.637455593494375
7869.0,106752.0,2.578979591836734,0.7166103401276561,4.353645737779661,-5.816758609874147
108933.0,106752.0,2.578979591836734,0.7556735778652706,4.353645737779661,-5.816758609874147
7211.0,106752.0,2.3648979591836734,0.8036620694918756,4.353645737779661,-5.816758609874147
105642.0,106752.0,2.578979591836734,0.8013983402982903,4.353645737779661,-5.816758609874147
7850.0,5324.0,10.071836734693878,0.6438709256813142,7.718486470334508,-3.9664807904250545
7201.0,4230.0,8.78734693877551,0.7706202792432821,7.03041056965513,12.208575817949415
7210.0,4230.0,9.001428571428571,0.7421084201678849,7.03041056965513,12.208575817949415
7190.0,106752.0,2.578979591836734,0.8054049374623192,4.353645737779661,-5.816758609874147
7187.0,106752.0,2.3648979591836734,0.8104451689026875,4.353645737779661,-5.816758609874147
7202.0,106752.0,2.793061224489796,0.7896371208429778,4.353645737779661,-5.816758609874147
7189.0,106752.0,2.578979591836734,0.8107082989501646,4.353645737779661,-5.816758609874147
7188.0,106752.0,2.3648979591836734,0.823219542561344,4.353645737779661,-5.816758609874147
7234.0,106752.0,2.3648979591836734,0.7538910657596977,4.353645737779661,-5.816758609874147
116087.0,3800.0,4.2916326530612245,0.78413381812921,4.276431249852657,5.043478419564481
7246.0,428.0,7.07469387755102,0.7744947048553024,0.9683419381322846,-14.637455593494375
99684.0,106752.0,2.3648979591836734,0.7886632978153977,4.353645737779661,-5.816758609874147
6579.0,106752.0,2.3648979591836734,0.8122884345631307,4.353645737779661,-5.816758609874147
7203.0,106752.0,2.3648979591836734,0.8157222865027288,4.353645737779661,-5.816758609874147
96925.0,275.0,8.145102040816328,0.8024312646495211,1.2572943185441667,2.0618448422015674
113708.0,106752.0,2.3648979591836734,0.8185140916325477,4.353645737779661,-5.816758609874147
6565.0,106752.0,2.3648979591836734,0.8183713939386512,4.353645737779661,-5.816758609874147
6548.0,106752.0,2.3648979591836734,0.8176751016146337,4.353645737779661,-5.816758609874147
6563.0,1166.0,6.218367346938775,0.8076796754460815,2.148863254566674,-13.565348610777873
105885.0,106752.0,2.3648979591836734,0.822252999515567,4.353645737779661,-5.816758609874147
6550.0,3808.0,3.4353061224489796,0.8124011250765782,4.162320389641669,24.231390934499007
6549.0,3808.0,3.4353061224489796,0.8174266520157492,4.162320389641669,24.231390934499007
6578.0,3808.0,3.4353061224489796,0.7982050024484921,4.162320389641669,24.231390934499007
6596.0,106752.0,2.3648979591836734,0.7904989746295875,4.353645737779661,-5.816758609874147
6564.0,3808.0,3.4353061224489796,0.8073263695949413,4.162320389641669,24.231390934499007
98252.0,3809.0,2.150816326530612,0.8300234726083965,3.88008811096198,15.046874747248914
5962.0,3809.0,2.150816326530612,0.8309336341872653,3.88008811096198,15.046874747248914
5950.0,3821.0,2.793061224489796,0.8221444287850821,3.579915303737659,24.851177791426224
98344.0,3821.0,2.793061224489796,0.8182839321134857,3.579915303737659,24.851177791426224
6562.0,3416.0,7.716938775510204,0.8036228081291967,1.9266375177900186,156.11483207996946
5939.0,3821.0,2.793061224489796,0.8242394099797394,3.579915303737659,24.851177791426224
5949.0,3822.0,1.9367346938775512,0.8109408760486034,3.7855502748226724,20.04969822179296
5940.0,3799.0,3.2212244897959184,0.8204747981326976,4.530279359730114,7.022483988347157
97581.0,3821.0,2.578979591836734,0.8482564313093596,3.579915303737659,24.851177791426224
5363.0,3821.0,2.793061224489796,0.8253975754799828,3.579915303737659,24.851177791426224
102231.0,3821.0,2.793061224489796,0.8237156660301702,3.579915303737659,24.851177791426224
5361.0,3809.0,4.077551020408164,0.8238573841462745,3.88008811096198,15.046874747248914
104674.0,3821.0,2.793061224489796,0.8216038860867744,3.579915303737659,24.851177791426224
5362.0,3800.0,4.077551020408164,0.8286488232139473,4.276431249852657,5.043478419564481
5375.0,3800.0,3.863469387755102,0.8421016144411575,4.276431249852657,5.043478419564481
4762.0,3809.0,4.077551020408164,0.8321144239702144,3.88008811096198,15.046874747248914
4760.0,115708.0,4.505714285714285,0.8484590997111954,3.428216626665999,16.008142974735385
4761.0,115708.0,4.505714285714285,0.848718807973973,3.428216626665999,16.008142974735385
4280.0,115708.0,4.505714285714285,0.8589586004672042,3.428216626665999,16.008142974735385
96976.0,115708.0,4.505714285714285,0.8476645016953144,3.428216626665999,16.008142974735385
4279.0,115708.0,4.505714285714285,0.8562852232381488,3.428216626665999,16.008142974735385
4781.0,115708.0,4.505714285714285,0.8526547062524041,3.428216626665999,16.008142974735385
4294.0,115708.0,4.719795918367347,0.8298970323343261,3.428216626665999,16.008142974735385
4305.0,115708.0,4.505714285714285,0.8038563795217935,3.428216626665999,16.008142974735385
98882.0,3387.0,3.649387755102041,0.8273756555471568,2.132467827343975,52.60690983703735
4317.0,2949.0,1.2944897959183674,0.8369903614563294,1.8819270719507113,36.31467529699545
4330.0,2948.0,0.6522448979591837,0.8322255509654123,1.8970064296515263,49.32938680610334
4796.0,2948.0,0.6522448979591837,0.8473873574814801,1.8970064296515263,49.32938680610334
4342.0,2948.0,0.6522448979591837,0.8060717000115921,1.8970064296515263,49.32938680610334
4329.0,2948.0,0.6522448979591837,0.8370253185995128,1.8970064296515263,49.32938680610334
4820.0,2948.0,0.6522448979591837,0.8127015756780502,1.8970064296515263,49.32938680610334
3867.0,2948.0,0.6522448979591837,0.7501429330133942,1.8970064296515263,49.32938680610334
5387.0,111902.0,0.01,0.8472255251704874,3.2010313263586108,23.743815853828746
5399.0,3387.0,3.649387755102041,0.84056032737446,2.132467827343975,52.60690983703735
4795.0,111902.0,8.57326530612245,0.8322718896939354,3.2010313263586108,23.743815853828746
4809.0,2949.0,1.2944897959183674,0.8183885811599406,1.8819270719507113,36.31467529699545
5418.0,3387.0,3.649387755102041,0.8463861870349405,2.132467827343975,52.60690983703735
112647.0,2948.0,0.6522448979591837,0.8431766613077989,1.8970064296515263,49.32938680610334
5409.0,111902.0,8.57326530612245,0.8294153436701508,3.2010313263586108,23.743815853828746
4830.0,2542.0,2.578979591836734,0.7662471184105988,2.8215663218941223,9.204524879764518
4356.0,2948.0,0.866326530612245,0.7420000945150411,1.8970064296515263,49.32938680610334
4837.0,2542.0,1.9367346938775512,0.7244140847441219,2.8215663218941223,9.204524879764518
5434.0,2542.0,1.72265306122449,0.7472726674701989,2.8215663218941223,9.204524879764518
5427.0,2948.0,0.866326530612245,0.8006468155594082,1.8970064296515263,49.32938680610334
4838.0,2542.0,1.72265306122449,0.6436843636326456,2.8215663218941223,9.204524879764518
4365.0,2542.0,2.578979591836734,0.7073619199845831,2.8215663218941223,9.204524879764518
111847.0,2922.0,3.007142857142857,0.6791816706344975,3.230888967839088,7.979966444087526
4366.0,2542.0,2.150816326530612,0.572931048243542,2.8215663218941223,9.204524879764518
4841.0,2532.0,0.01,0.5422683316126958,2.8232698309261766,5.929208729562252
5444.0,2933.0,0.01,0.647323555301426,2.9549203025433646,7.98962467204318
5445.0,2933.0,0.01,0.6017138184602346,2.9549203025433646,7.98962467204318
4842.0,1772.0,1.508571428571429,0.4172386109848373,2.702780705615215,-0.8422989102326792
4368.0,1772.0,1.508571428571429,0.4289953459555753,2.702780705615215,-0.8422989102326792
4369.0,805.0,1.2944897959183674,0.3399958969033314,3.981422130769365,-75.95503602398128
4847.0,805.0,1.2944897959183674,0.3682247336403628,3.981422130769365,-75.95503602398128
99459.0,2542.0,1.72265306122449,0.5442185671376774,2.8215663218941223,9.204524879764518
4843.0,805.0,1.2944897959183674,0.4508393726458312,3.981422130769365,-75.95503602398128
105724.0,99557.0,0.01,0.3228629588461514,3.474639745069218,-75.24373234885324
4372.0,805.0,1.2944897959183674,0.3291134110432068,3.981422130769365,-75.95503602398128
107240.0,3809.0,3.649387755102041,0.8551895938035229,3.88008811096198,15.046874747248914
5386.0,111902.0,0.01,0.8434587673987499,3.2010313263586108,23.743815853828746
112096.0,111902.0,0.01,0.8402227007682437,3.2010313263586108,23.743815853828746
5398.0,111902.0,8.57326530612245,0.8411116043539624,3.2010313263586108,23.743815853828746
6006.0,115708.0,4.505714285714285,0.8335454268752289,3.428216626665999,16.008142974735385
6022.0,3387.0,3.649387755102041,0.8199470286567423,2.132467827343975,52.60690983703735
6029.0,3387.0,3.649387755102041,0.8343891715007331,2.132467827343975,52.60690983703735
106487.0,2542.0,2.150816326530612,0.8014931255899451,2.8215663218941223,9.204524879764518
5435.0,2934.0,2.3648979591836734,0.7108689898400437,2.9698744739012373,5.353629380653976
114638.0,2542.0,1.72265306122449,0.7891353416179224,2.8215663218941223,9.204524879764518
6030.0,2934.0,2.3648979591836734,0.7298074258859997,2.9698744739012373,5.353629380653976
5436.0,2933.0,0.01,0.689575151864428,2.9549203025433646,7.98962467204318
6039.0,2934.0,2.3648979591836734,0.7256077353059287,2.9698744739012373,5.353629380653976
5437.0,2934.0,2.3648979591836734,0.6857580146460145,2.9698744739012373,5.353629380653976
6040.0,2542.0,1.72265306122449,0.7382014039122415,2.8215663218941223,9.204524879764518
5446.0,2542.0,2.578979591836734,0.685077558613902,2.8215663218941223,9.204524879764518
5447.0,2556.0,4.933877551020409,0.5171125276521045,2.588828312731695,36.27470983217409
6045.0,2542.0,2.578979591836734,0.7026473857416797,2.8215663218941223,9.204524879764518
4844.0,805.0,1.2944897959183674,0.3156215535931653,3.981422130769365,-75.95503602398128
5448.0,1802.0,7.716938775510204,0.4735303601906087,2.5722342787471133,37.03775091257383
6046.0,2564.0,7.502857142857144,0.3958318924388029,3.0053364369577706,48.12830627073791
5451.0,1174.0,10.5,0.2640260603303261,1.5245262995342772,17.374881209218287
118926.0,2109.0,1.0804081632653062,0.5932953758587389,2.0945409324727606,2.8685643176192306
5452.0,1174.0,7.502857142857144,0.1375113426926916,1.5245262995342772,17.374881209218287
4849.0,814.0,7.716938775510204,0.1873605987158083,4.505472460485847,-76.15072103112854
4848.0,805.0,1.2944897959183674,0.2525792961725347,3.981422130769365,-75.95503602398128
6051.0,1737.0,1.0804081632653062,0.1800693139109651,2.2490847228738042,-7.574094533946209
112927.0,97466.0,4.505714285714285,0.7985005716598861,2.977491054765425,14.499975023275857
6632.0,115708.0,4.505714285714285,0.819371294480807,3.428216626665999,16.008142974735385
5992.0,115708.0,4.505714285714285,0.8404241821417802,3.428216626665999,16.008142974735385
6021.0,3387.0,3.649387755102041,0.8053605051690571,2.132467827343975,52.60690983703735
111913.0,3387.0,3.649387755102041,0.825203648758805,2.132467827343975,52.60690983703735
110608.0,2542.0,2.578979591836734,0.8124926769914552,2.8215663218941223,9.204524879764518
6652.0,2542.0,1.72265306122449,0.8120480953366573,2.8215663218941223,9.204524879764518
6653.0,2918.0,0.866326530612245,0.7514831601894442,2.410630873862556,45.51107893802648
6031.0,2542.0,1.72265306122449,0.7685739296263063,2.8215663218941223,9.204524879764518
108924.0,2542.0,2.578979591836734,0.7596970485054633,2.8215663218941223,9.204524879764518
111728.0,2542.0,2.578979591836734,0.6757241730527532,2.8215663218941223,9.204524879764518
6047.0,102589.0,2.793061224489796,0.3076719339759096,8.477716194420358,129.69050438377465
113082.0,2121.0,5.790204081632654,0.5626830182973516,2.178978749226915,17.41890511024003
6052.0,111522.0,0.01,0.083681489616014,2.160539380958665,142.2727641789808
6672.0,100234.0,8.78734693877551,0.4548797247925933,1.2832091471509437,-49.118806402848115
6673.0,111522.0,3.007142857142857,0.1797924707034723,2.160539380958665,142.2727641789808
5453.0,1155.0,0.01,0.0953052688261735,1.6031996930420365,-6.340720888201675
6053.0,620.0,10.5,0.2648241313703944,0.0,0.0
6677.0,108916.0,10.071836734693878,0.0435100061573947,1.4097378186689207,-53.13289820207019
97130.0,106752.0,2.3648979591836734,0.7818777056520441,4.353645737779661,-5.816758609874147
6614.0,3799.0,3.2212244897959184,0.8199973700478593,4.530279359730114,7.022483988347157
5980.0,3821.0,2.578979591836734,0.8579442402779635,3.579915303737659,24.851177791426224
6631.0,97466.0,4.505714285714285,0.7795928332204285,2.977491054765425,14.499975023275857
6660.0,2542.0,2.578979591836734,0.8442334780575349,2.8215663218941223,9.204524879764518
6661.0,2918.0,0.866326530612245,0.7703021679143645,2.410630873862556,45.51107893802648
6651.0,3387.0,3.649387755102041,0.8321986831570705,2.132467827343975,52.60690983703735
6662.0,2542.0,1.72265306122449,0.7687982969504281,2.8215663218941223,9.204524879764518
7261.0,2948.0,0.6522448979591837,0.8313969091587265,1.8970064296515263,49.32938680610334
7267.0,2542.0,2.578979591836734,0.8179853986822121,2.8215663218941223,9.204524879764518
7268.0,2918.0,0.866326530612245,0.7330284407974827,2.410630873862556,45.51107893802648
6663.0,2542.0,2.578979591836734,0.7709673267649663,2.8215663218941223,9.204524879764518
7269.0,2542.0,2.578979591836734,0.7262614434132266,2.8215663218941223,9.204524879764518
6664.0,2542.0,2.578979591836734,0.7127518618388647,2.8215663218941223,9.204524879764518
7270.0,2542.0,2.578979591836734,0.6844329360250281,2.8215663218941223,9.204524879764518
7271.0,2524.0,1.72265306122449,0.6085751946339801,1.9212969347628859,44.10627541078358
6671.0,2524.0,3.007142857142857,0.6195312284064958,1.9212969347628859,44.10627541078358
103225.0,2103.0,0.01,0.4945806570347607,1.6285371692514121,50.624323610643295
7279.0,107468.0,8.57326530612245,0.3664294102933537,0.8269908519478114,-23.3524490567072
7280.0,285.0,0.01,0.1569774322626547,0.7008564505280239,2.5854376017939367
7283.0,1108.0,10.5,0.1856022535252735,4.827484741197521,-74.82151251678425
6678.0,100389.0,5.1479591836734695,0.3326346878181226,1.5503473629321185,35.392146710403395
120047.0,115708.0,4.719795918367347,0.8046177950725055,3.428216626665999,16.008142974735385
97049.0,3370.0,0.01,0.8478943525364123,2.611172977208385,34.35999770611803
113554.0,3370.0,0.01,0.7898560228315369,2.611172977208385,34.35999770611803
6650.0,3370.0,0.01,0.8409753202362008,2.611172977208385,34.35999770611803
103955.0,2542.0,2.578979591836734,0.7501567562065867,2.8215663218941223,9.204524879764518
101540.0,2542.0,2.578979591836734,0.6865039123912586,2.8215663218941223,9.204524879764518
7902.0,2542.0,2.578979591836734,0.6892606695438532,2.8215663218941223,9.204524879764518
120059.0,2542.0,2.578979591836734,0.6741169455951692,2.8215663218941223,9.204524879764518
7908.0,2524.0,1.2944897959183674,0.6961254490340145,1.9212969347628859,44.10627541078358
7278.0,2524.0,3.007142857142857,0.6469664606034703,1.9212969347628859,44.10627541078358
7909.0,2175.0,1.72265306122449,0.4954644676337034,0.9895333505163876,36.85594297785784
8578.0,2524.0,3.649387755102041,0.7403147707508115,1.9212969347628859,44.10627541078358
8579.0,2524.0,3.649387755102041,0.625978558931413,1.9212969347628859,44.10627541078358
109401.0,107468.0,8.57326530612245,0.398724417922765,0.8269908519478114,-23.3524490567072
7913.0,285.0,0.01,0.3074348921611757,0.7008564505280239,2.5854376017939367
7245.0,97466.0,4.505714285714285,0.8329878236051714,2.977491054765425,14.499975023275857
7879.0,145.0,7.07469387755102,0.8306075457451545,2.446634705219972,-64.33077956574806
8577.0,2524.0,2.3648979591836734,0.7410352664879968,1.9212969347628859,44.10627541078358
109275.0,2524.0,0.01,0.7460975864860164,1.9212969347628859,44.10627541078358
113061.0,107468.0,8.57326530612245,0.5360562084639993,0.8269908519478114,-23.3524490567072
8546.0,4260.0,7.502857142857144,0.780998425768557,5.794470823993435,9.6587520525198
8569.0,2919.0,0.01,0.7684948692295052,2.374918499704071,40.15229144137526
8545.0,4249.0,8.145102040816328,0.7559910690253753,7.011804048786989,-10.034133852801169
9270.0,3820.0,3.2212244897959184,0.7665088979984964,3.41249577049776,29.37696576093183
10030.0,4231.0,1.2944897959183674,0.451961231259019,7.815072697042516,-9.8445017244634
9278.0,145.0,6.0042857142857144,0.7319701703697656,2.446634705219972,-64.33077956574806
8553.0,3398.0,5.1479591836734695,0.7912179815970791,1.9082363249855847,60.269898217119184
10038.0,4228.0,1.9367346938775512,0.4628406486386542,7.047789056635136,18.61199881810089
102171.0,1389.0,6.218367346938775,0.68937923554229,2.744959817690622,-26.257675815448653
107689.0,3398.0,4.933877551020409,0.6909150561855064,1.9082363249855847,60.269898217119184
10039.0,4228.0,2.3648979591836734,0.551738543547567,7.047789056635136,18.61199881810089
10807.0,4232.0,1.72265306122449,0.4713575646209568,7.989438516288889,-15.469566766837413
111771.0,109309.0,3.863469387755102,0.1391003461217517,8.739502930532357,28.229907904173988
10813.0,109309.0,8.57326530612245,0.1151510793225663,8.739502930532357,28.229907904173988
10814.0,8464.0,9.643673469387757,0.5068235397891281,5.916730724485379,89.03807413212151
113472.0,145.0,4.505714285714285,0.7566255452279025,2.446634705219972,-64.33077956574806
12331.0,3798.0,0.6522448979591837,0.6962994526609518,4.233800825340304,11.030622672284084
112521.0,106834.0,3.4353061224489796,0.3829915366272458,1.6677654670820798,119.54520572385854
15415.0,106834.0,3.4353061224489796,0.382737340155686,1.6677654670820798,119.54520572385854
7254.0,3819.0,0.01,0.8281801633059944,3.1256046415291547,31.676638403523928
115674.0,3370.0,0.01,0.8015620952060585,2.611172977208385,34.35999770611803
97618.0,3370.0,0.01,0.8158422595479393,2.611172977208385,34.35999770611803
7888.0,3397.0,4.719795918367347,0.8256099351098032,1.7367138971519585,69.7553035765748
7887.0,3370.0,0.01,0.7607684030776776,2.611172977208385,34.35999770611803
7893.0,3370.0,0.01,0.7418600334186826,2.611172977208385,34.35999770611803
7901.0,2542.0,2.578979591836734,0.7190648408617435,2.8215663218941223,9.204524879764518
9279.0,3398.0,5.1479591836734695,0.6806612305658801,1.9082363249855847,60.269898217119184
98679.0,3398.0,5.1479591836734695,0.712563059616935,1.9082363249855847,60.269898217119184
7900.0,2919.0,0.01,0.7305922149160705,2.374918499704071,40.15229144137526
4373.0,812.0,2.793061224489796,0.2786215582830419,4.112479444565982,-77.91203630164463
100480.0,805.0,0.01,0.2586158017562734,3.981422130769365,-75.95503602398128
8560.0,3370.0,0.01,0.6694867651267923,2.611172977208385,34.35999770611803
8568.0,2524.0,3.649387755102041,0.7463246281200265,1.9212969347628859,44.10627541078358
103858.0,2919.0,0.01,0.773823226353605,2.374918499704071,40.15229144137526
7910.0,107468.0,8.57326530612245,0.4617908056994076,0.8269908519478114,-23.3524490567072
112896.0,3387.0,3.649387755102041,0.8032057926741187,2.132467827343975,52.60690983703735
7899.0,3370.0,0.01,0.7250786845705038,2.611172977208385,34.35999770611803
98128.0,3817.0,0.866326530612245,0.7484475354010863,3.094545930805595,54.51649642049789
9280.0,114168.0,6.646530612244899,0.7329029474984672,2.8321439388697183,48.20497661961508
9288.0,114168.0,7.502857142857144,0.7000927334218585,2.8321439388697183,48.20497661961508
8566.0,3370.0,0.01,0.7005328535405164,2.611172977208385,34.35999770611803
9289.0,114168.0,6.646530612244899,0.7130701317689512,2.8321439388697183,48.20497661961508
8567.0,3370.0,0.01,0.7200210738386648,2.611172977208385,34.35999770611803
9281.0,3817.0,1.0804081632653062,0.754675369267073,3.094545930805595,54.51649642049789
9290.0,2919.0,0.01,0.7455857146805958,2.374918499704071,40.15229144137526
8554.0,1389.0,6.218367346938775,0.834265036951404,2.744959817690622,-26.257675815448653
5449.0,1144.0,1.72265306122449,0.1609242774990781,2.040886510863403,-12.708955065775015
4846.0,1144.0,1.72265306122449,0.2388644263709253,2.040886510863403,-12.708955065775015
4845.0,1174.0,10.5,0.2430920945947947,1.5245262995342772,17.374881209218287
3884.0,805.0,1.2944897959183674,0.3359090174196831,3.981422130769365,-75.95503602398128
117644.0,805.0,1.2944897959183674,0.3185624756387507,3.981422130769365,-75.95503602398128
3875.0,3387.0,3.2212244897959184,0.7152412744544836,2.132467827343975,52.60690983703735
3459.0,3418.0,1.508571428571429,0.3435301311749952,0.0,0.0
3885.0,3418.0,1.508571428571429,0.4009188961632699,0.0,0.0
4374.0,2968.0,0.6522448979591837,0.3042910844773656,1.634662955401242,119.86801537762773
4370.0,2968.0,0.866326530612245,0.3766145979029368,1.634662955401242,119.86801537762773
105808.0,3418.0,1.508571428571429,0.4552668041245163,0.0,0.0
100622.0,600.0,2.793061224489796,0.4699166016810591,1.1843371346655085,13.322645162002837
4371.0,1144.0,2.150816326530612,0.3775911182683488,2.040886510863403,-12.708955065775015
4367.0,600.0,2.793061224489796,0.3678202912415049,1.1843371346655085,13.322645162002837
3882.0,1202.0,0.01,0.3649491475822549,1.2896969489207453,22.00649583199979
4358.0,2166.0,4.077551020408164,0.5181616966720877,0.9701179093571631,32.433409319554414
4357.0,2166.0,4.077551020408164,0.6540352772046083,0.9701179093571631,32.433409319554414
4831.0,1786.0,3.2212244897959184,0.7853639138092904,1.2722385951679478,1.0471484365287582
4832.0,1162.0,7.931020408163265,0.7295623760466182,1.4448187876624479,-5.960535022676966
4839.0,1162.0,5.790204081632654,0.539513644649908,1.4448187876624479,-5.960535022676966
3886.0,2977.0,0.01,0.4924735728734771,0.0,0.0
3460.0,2977.0,0.01,0.4150895584660592,0.0,0.0
4840.0,1162.0,0.01,0.2953535092185831,1.4448187876624479,-5.960535022676966
4821.0,1786.0,3.2212244897959184,0.7905434298282931,1.2722385951679478,1.0471484365287582
5420.0,1162.0,7.931020408163265,0.7611974340590981,1.4448187876624479,-5.960535022676966
118347.0,1786.0,3.007142857142857,0.7579679380072372,1.2722385951679478,1.0471484365287582
5438.0,1162.0,5.1479591836734695,0.6125607831119244,1.4448187876624479,-5.960535022676966
5428.0,1162.0,6.0042857142857144,0.6854382276153275,1.4448187876624479,-5.960535022676966
5439.0,1155.0,4.2916326530612245,0.4364693033210118,1.6031996930420365,-6.340720888201675
5450.0,1155.0,4.2916326530612245,0.1558635599067941,1.6031996930420365,-6.340720888201675
6023.0,2120.0,2.3648979591836734,0.7975915996221004,2.059104097517055,17.10789075277255
5419.0,1786.0,3.007142857142857,0.7823160975091619,1.2722385951679478,1.0471484365287582
6024.0,1162.0,6.860612244897959,0.7304289534825299,1.4448187876624479,-5.960535022676966
5429.0,1737.0,1.508571428571429,0.6073319174133465,2.2490847228738042,-7.574094533946209
6032.0,1737.0,1.508571428571429,0.6440265158340948,2.2490847228738042,-7.574094533946209
6033.0,1737.0,1.508571428571429,0.5454512561336597,2.2490847228738042,-7.574094533946209
6041.0,1146.0,0.01,0.4484177176587898,1.4918058445392446,-7.421473602174936
119907.0,1139.0,0.01,0.3021253546560571,1.605367287854531,-9.365309018954736
6048.0,620.0,10.5,0.3113360038107984,0.0,0.0
102719.0,2120.0,1.9367346938775512,0.8078674974805116,2.059104097517055,17.10789075277255
6008.0,2130.0,2.3648979591836734,0.6282303880932589,1.2576347151569605,5.7922652380036
6007.0,2130.0,2.150816326530612,0.7619134291987963,1.2576347151569605,5.7922652380036
6643.0,1162.0,5.36204081632653,0.568798522780857,1.4448187876624479,-5.960535022676966
6654.0,1737.0,1.508571428571429,0.6223718782117273,2.2490847228738042,-7.574094533946209
6655.0,1737.0,1.508571428571429,0.5705152316660171,2.2490847228738042,-7.574094533946209
6042.0,620.0,10.5,0.4467737975026205,0.0,0.0
6665.0,110600.0,2.150816326530612,0.5758078842623107,1.706914326577209,-17.09016579253448
6049.0,620.0,10.5,0.4283352300025808,0.0,0.0
6666.0,622.0,5.36204081632653,0.5008093927689324,1.5770036553740503,39.504456215445316
6674.0,100389.0,7.931020408163265,0.4454813833016665,1.5503473629321185,35.392146710403395
6644.0,1737.0,1.508571428571429,0.6893830436154771,2.2490847228738042,-7.574094533946209
97731.0,1161.0,0.01,0.5448927382205053,1.3702688993489487,-0.23665592709537708
99123.0,96475.0,3.2212244897959184,0.1964224084353086,1.2570941037723355,20.165565036031182
7256.0,609.0,3.649387755102041,0.776884175411102,1.221395645370201,13.703968845755416
7262.0,110600.0,2.150816326530612,0.7190033505960434,1.706914326577209,-17.09016579253448
7272.0,110600.0,2.150816326530612,0.6832663156896015,1.706914326577209,-17.09016579253448
7273.0,856.0,0.01,0.5766783685156491,1.4320633437161745,-5.367031062739961
7282.0,283.0,4.933877551020409,0.4152115992185795,1.1437905179692573,15.271332277609655
6679.0,1113.0,8.359183673469389,0.3261537518416669,2.3922653895010795,-19.926958626308476
7281.0,414.0,4.077551020408164,0.3984781431388184,0.942901793108922,-26.901704222595757
109537.0,114168.0,8.359183673469389,0.6387777835325972,2.8321439388697183,48.20497661961508
7263.0,114168.0,8.78734693877551,0.7124175185049642,2.8321439388697183,48.20497661961508
105032.0,283.0,4.933877551020409,0.4790226022085608,1.1437905179692573,15.271332277609655
102125.0,3418.0,1.508571428571429,0.471747096707758,0.0,0.0
735.0,1094.0,0.01,0.8777965050989256,2.427803280954661,-30.007201168739154
111715.0,119572.0,9.001428571428571,0.8635579746129567,4.565511924809538,-24.34686589784906
481.0,119572.0,8.145102040816328,0.8888439387496035,4.565511924809538,-24.34686589784906
744.0,110049.0,2.578979591836734,0.8713003137308715,2.219404876355656,-24.175601494433685
745.0,816.0,10.5,0.8526208225240763,2.8283537108075794,-45.033120822069094
743.0,1379.0,0.01,0.883666177987764,2.535049039543957,-26.88112464699631
734.0,1123.0,0.01,0.882089038441168,2.525389023434658,-23.944447810508485
480.0,1404.0,0.866326530612245,0.8858137626502125,2.778294075738693,-24.877663059375845
752.0,110049.0,2.578979591836734,0.8779365604004761,2.219404876355656,-24.175601494433685
107636.0,1379.0,0.01,0.884977627306487,2.535049039543957,-26.88112464699631
733.0,1094.0,0.01,0.8900369923598228,2.427803280954661,-30.007201168739154
742.0,110049.0,2.578979591836734,0.8782895888161464,2.219404876355656,-24.175601494433685
753.0,110049.0,2.578979591836734,0.8759740257821207,2.219404876355656,-24.175601494433685
1042.0,809.0,10.5,0.8544113953820243,2.1182428484392224,-25.67212774765307
1035.0,421.0,10.5,0.8154454125255729,0.9758801519546069,-27.765478357991608
115551.0,382.0,10.5,0.8324224537871145,2.4516187790498196,-50.98992969097643
1049.0,110049.0,2.578979591836734,0.8850987708708815,2.219404876355656,-24.175601494433685
1048.0,110049.0,2.578979591836734,0.8940445064938305,2.219404876355656,-24.175601494433685
1050.0,110049.0,2.578979591836734,0.8795517304839009,2.219404876355656,-24.175601494433685
101724.0,1713.0,2.3648979591836734,0.8082526669938263,1.3549616607949195,72.97555936255243
726.0,1713.0,2.3648979591836734,0.8515841871859454,1.3549616607949195,72.97555936255243
736.0,119572.0,7.502857142857144,0.8605667620873709,4.565511924809538,-24.34686589784906
1336.0,1122.0,5.36204081632653,0.8113182735772332,3.1576463418488507,-46.431371373685906
1043.0,110049.0,10.28591836734694,0.8718231590608465,2.219404876355656,-24.175601494433685
1343.0,110049.0,8.78734693877551,0.8868021545654801,2.219404876355656,-24.175601494433685
1334.0,110049.0,10.5,0.9047473266201738,2.219404876355656,-24.175601494433685
1335.0,1122.0,10.28591836734694,0.873870643072677,3.1576463418488507,-46.431371373685906
1340.0,110049.0,2.578979591836734,0.9014943745295612,2.219404876355656,-24.175601494433685
1341.0,110049.0,2.578979591836734,0.8956077015388536,2.219404876355656,-24.175601494433685
1047.0,110049.0,2.578979591836734,0.8969208218529444,2.219404876355656,-24.175601494433685
1342.0,110049.0,2.578979591836734,0.8854839762074526,2.219404876355656,-24.175601494433685
1633.0,816.0,7.288775510204082,0.8915429168372249,2.8283537108075794,-45.033120822069094
1634.0,1122.0,10.28591836734694,0.8924305322528159,3.1576463418488507,-46.431371373685906
114396.0,110049.0,8.78734693877551,0.9004586013066808,2.219404876355656,-24.175601494433685
1655.0,110049.0,10.28591836734694,0.9106125648773512,2.219404876355656,-24.175601494433685
1327.0,1122.0,4.2916326530612245,0.8470473774844351,3.1576463418488507,-46.431371373685906
1036.0,1388.0,6.860612244897959,0.8119396779047193,3.2693010486952083,-41.84608453892418
1654.0,110049.0,10.5,0.8602688430670242,2.219404876355656,-24.175601494433685
1350.0,110049.0,8.78734693877551,0.8861554638231094,2.219404876355656,-24.175601494433685
106112.0,809.0,9.857755102040818,0.9096466184506172,2.1182428484392224,-25.67212774765307
1351.0,818.0,0.01,0.8810876963369701,2.0074818284975864,-23.519186636748092
1352.0,110049.0,2.578979591836734,0.8815614808313915,2.219404876355656,-24.175601494433685
1662.0,818.0,0.01,0.8780217266865772,2.0074818284975864,-23.519186636748092
1661.0,114026.0,6.0042857142857144,0.877167549469167,2.0491034703101887,-8.309210901127736
1663.0,818.0,0.01,0.886137674972793,2.0074818284975864,-23.519186636748092
2022.0,110049.0,8.78734693877551,0.8992499085545655,2.219404876355656,-24.175601494433685
2010.0,382.0,10.5,0.8810882300701972,2.4516187790498196,-50.98992969097643
1998.0,816.0,7.288775510204082,0.8523656890716832,2.8283537108075794,-45.033120822069094
102570.0,1111.0,8.359183673469389,0.8567485302879209,3.255729843653739,-47.605245085558074
1635.0,1122.0,3.2212244897959184,0.8603703953071542,3.1576463418488507,-46.431371373685906
1653.0,96662.0,10.28591836734694,0.8351549694872397,2.337035659535794,-20.64960833000526
1647.0,1093.0,0.01,0.8717286936090934,2.5562545353030153,-33.918400317262105
2017.0,110049.0,10.5,0.9028265882436288,2.219404876355656,-24.175601494433685
1668.0,114026.0,6.0042857142857144,0.8901748569397213,2.0491034703101887,-8.309210901127736
115794.0,114026.0,4.505714285714285,0.8951006921582081,2.0491034703101887,-8.309210901127736
1660.0,114026.0,4.077551020408164,0.8494434094595233,2.0491034703101887,-8.309210901127736
1669.0,115154.0,0.01,0.8880588461404774,1.964064925343043,-20.277793627862174
2029.0,114026.0,4.077551020408164,0.8992166857941377,2.0491034703101887,-8.309210901127736
2030.0,114026.0,6.0042857142857144,0.8882007692519871,2.0491034703101887,-8.309210901127736
2021.0,114026.0,6.0042857142857144,0.8982371233085791,2.0491034703101887,-8.309210901127736
2009.0,1122.0,10.5,0.8697429337206348,3.1576463418488507,-46.431371373685906
1997.0,1122.0,10.28591836734694,0.8460201594810339,3.1576463418488507,-46.431371373685906
2016.0,382.0,10.5,0.8906659483258371,2.4516187790498196,-50.98992969097643
2407.0,114026.0,6.0042857142857144,0.8884905122849202,2.0491034703101887,-8.309210901127736
2417.0,114026.0,6.0042857142857144,0.8984538909959585,2.0491034703101887,-8.309210901127736
2422.0,1155.0,7.07469387755102,0.8790142762871854,1.6031996930420365,-6.340720888201675
2423.0,1155.0,7.931020408163265,0.8877095471251769,1.6031996930420365,-6.340720888201675
2424.0,114026.0,4.719795918367347,0.8939843850798757,2.0491034703101887,-8.309210901127736
2028.0,114026.0,4.077551020408164,0.869911696644316,2.0491034703101887,-8.309210901127736
105560.0,114026.0,6.0042857142857144,0.8682944473172403,2.0491034703101887,-8.309210901127736
2397.0,1122.0,10.5,0.8608756203756868,3.1576463418488507,-46.431371373685906
2416.0,114026.0,4.719795918367347,0.8883712200480217,2.0491034703101887,-8.309210901127736
97185.0,1415.0,0.6522448979591837,0.8241930861319757,1.8328366332243378,-9.141306237068626
2429.0,1415.0,0.6522448979591837,0.8070047066997057,1.8328366332243378,-9.141306237068626
2430.0,548.0,10.5,0.8537688504073242,1.906378790769177,-23.884958117542748
106599.0,548.0,8.145102040816328,0.8568492523362349,1.906378790769177,-23.884958117542748
2428.0,1377.0,10.071836734693878,0.8294381902410903,3.1090589121511427,-33.038251003900726
2441.0,95295.0,3.007142857142857,0.7759434391090378,1.6476988476126144,-8.029150196767276
2839.0,1374.0,10.28591836734694,0.684894036175717,3.70947896587614,-40.366084147894085
2840.0,1104.0,9.001428571428571,0.7406483528985653,3.4592067884255084,-46.250135689943434
2440.0,1377.0,10.071836734693878,0.8372949896177432,3.1090589121511427,-33.038251003900726
2454.0,1377.0,10.071836734693878,0.8211115177055538,3.1090589121511427,-33.038251003900726
2860.0,1377.0,10.5,0.7398181394035985,3.1090589121511427,-33.038251003900726
2847.0,1374.0,10.28591836734694,0.6688897789889718,3.70947896587614,-40.366084147894085
2048.0,1377.0,10.071836734693878,0.8422935317109154,3.1090589121511427,-33.038251003900726
2059.0,1415.0,0.6522448979591837,0.8360765755280184,1.8328366332243378,-9.141306237068626
111782.0,1377.0,10.071836734693878,0.7698381159923939,3.1090589121511427,-33.038251003900726
2848.0,1374.0,10.28591836734694,0.664137732603133,3.70947896587614,-40.366084147894085
98580.0,95295.0,8.145102040816328,0.7373152553161234,1.6476988476126144,-8.029150196767276
2861.0,1374.0,10.28591836734694,0.6406280132069015,3.70947896587614,-40.366084147894085
3278.0,1374.0,10.28591836734694,0.6297683889239171,3.70947896587614,-40.366084147894085
2455.0,1377.0,10.5,0.7119390305732796,3.1090589121511427,-33.038251003900726
113479.0,1377.0,10.5,0.6353215119196778,3.1090589121511427,-33.038251003900726
2871.0,1374.0,10.28591836734694,0.6206855763328629,3.70947896587614,-40.366084147894085
3296.0,1374.0,10.28591836734694,0.620099055013571,3.70947896587614,-40.366084147894085
2027.0,1377.0,10.071836734693878,0.7974809349270002,3.1090589121511427,-33.038251003900726
110274.0,1377.0,10.071836734693878,0.7957647847254032,3.1090589121511427,-33.038251003900726
1022.0,1374.0,8.145102040816328,0.8341975353082823,3.70947896587614,-40.366084147894085
1023.0,1374.0,8.145102040816328,0.8234671609980472,3.70947896587614,-40.366084147894085
1333.0,1094.0,0.01,0.9021199499684904,2.427803280954661,-30.007201168739154
108514.0,1093.0,0.01,0.9134199914819704,2.5562545353030153,-33.918400317262105
115333.0,95295.0,8.145102040816328,0.8215404553866501,1.6476988476126144,-8.029150196767276
2829.0,95295.0,8.145102040816328,0.8172734294689279,1.6476988476126144,-8.029150196767276
2830.0,421.0,10.5,0.8458495877786116,0.9758801519546069,-27.765478357991608
479.0,1404.0,0.866326530612245,0.8853080450008022,2.778294075738693,-24.877663059375845
478.0,1378.0,0.01,0.877109933755436,2.719236757946771,-29.59629082645009
1332.0,1093.0,0.01,0.9170213859491788,2.5562545353030153,-33.918400317262105
1646.0,1093.0,0.01,0.895480856541708,2.5562545353030153,-33.918400317262105
2008.0,421.0,10.5,0.8410749869434708,0.9758801519546069,-27.765478357991608
2415.0,1377.0,10.071836734693878,0.7388986146222262,3.1090589121511427,-33.038251003900726
2421.0,1377.0,10.071836734693878,0.7636025404953366,3.1090589121511427,-33.038251003900726
102023.0,1377.0,10.071836734693878,0.8139820988062276,3.1090589121511427,-33.038251003900726
2071.0,1737.0,0.866326530612245,0.8140317709718281,2.2490847228738042,-7.574094533946209
2469.0,1377.0,10.5,0.7202145398624926,3.1090589121511427,-33.038251003900726
2872.0,1374.0,10.28591836734694,0.6270200183260829,3.70947896587614,-40.366084147894085
2427.0,1377.0,10.071836734693878,0.8308337527661395,3.1090589121511427,-33.038251003900726
2026.0,1377.0,10.071836734693878,0.7994006339881023,3.1090589121511427,-33.038251003900726
2470.0,1737.0,0.866326530612245,0.7263545358121962,2.2490847228738042,-7.574094533946209
2072.0,1737.0,0.866326530612245,0.8263468322570847,2.2490847228738042,-7.574094533946209
2047.0,1377.0,9.857755102040818,0.8390998841694262,3.1090589121511427,-33.038251003900726
2037.0,1377.0,10.071836734693878,0.8309833147064264,3.1090589121511427,-33.038251003900726
2025.0,1377.0,10.071836734693878,0.7463867804442347,3.1090589121511427,-33.038251003900726
2414.0,1377.0,10.071836734693878,0.7439455366680885,3.1090589121511427,-33.038251003900726
2405.0,1374.0,9.001428571428571,0.7275761570055859,3.70947896587614,-40.366084147894085
2406.0,1104.0,9.001428571428571,0.765391954607727,3.4592067884255084,-46.250135689943434
101181.0,1374.0,9.001428571428571,0.7441493804176658,3.70947896587614,-40.366084147894085
2015.0,1104.0,9.001428571428571,0.8198288043659533,3.4592067884255084,-46.250135689943434
2014.0,1104.0,9.001428571428571,0.794528264921639,3.4592067884255084,-46.250135689943434
2020.0,1104.0,9.001428571428571,0.8180223173582852,3.4592067884255084,-46.250135689943434
2013.0,1104.0,9.001428571428571,0.770281932973025,3.4592067884255084,-46.250135689943434
1707.0,1725.0,0.01,0.8676773009901546,2.0207710836558905,-9.809560104912359
1708.0,1155.0,7.07469387755102,0.9038837901150948,1.6031996930420365,-6.340720888201675
2073.0,1737.0,0.866326530612245,0.8192246633306013,2.2490847228738042,-7.574094533946209
104955.0,1725.0,0.01,0.8771382405203004,2.0207710836558905,-9.809560104912359
1696.0,1725.0,0.01,0.8996674559580833,2.0207710836558905,-9.809560104912359
117419.0,1396.0,0.6522448979591837,0.8483213562496683,2.8204126217036007,-24.501535226105748
1685.0,1377.0,9.857755102040818,0.8484659055162184,3.1090589121511427,-33.038251003900726
1676.0,1377.0,10.071836734693878,0.8045079101087493,3.1090589121511427,-33.038251003900726
1362.0,1377.0,9.857755102040818,0.8432576097820271,3.1090589121511427,-33.038251003900726
120105.0,104500.0,3.2212244897959184,0.8200434963514556,2.147834774899545,2.8691093098314364
1659.0,1374.0,8.57326530612245,0.7535531143802124,3.70947896587614,-40.366084147894085
1667.0,1377.0,10.071836734693878,0.7869358157740656,3.1090589121511427,-33.038251003900726
2007.0,1104.0,8.78734693877551,0.8250731409098422,3.4592067884255084,-46.250135689943434
2006.0,1104.0,9.001428571428571,0.8060580479894235,3.4592067884255084,-46.250135689943434
2005.0,1104.0,9.001428571428571,0.7820247839711038,3.4592067884255084,-46.250135689943434
2012.0,1104.0,9.001428571428571,0.7703803289143538,3.4592067884255084,-46.250135689943434
111694.0,1104.0,9.001428571428571,0.7682359856098562,3.4592067884255084,-46.250135689943434
1658.0,1104.0,9.001428571428571,0.7647024082005565,3.4592067884255084,-46.250135689943434
1645.0,421.0,10.5,0.8324601257726366,0.9758801519546069,-27.765478357991608
1644.0,1104.0,8.78734693877551,0.8065713441472732,3.4592067884255084,-46.250135689943434
1643.0,1388.0,6.860612244897959,0.7789983439344051,3.2693010486952083,-41.84608453892418
1697.0,1155.0,7.931020408163265,0.9224529733181758,1.6031996930420365,-6.340720888201675
1698.0,1155.0,7.931020408163265,0.9380403684447106,1.6031996930420365,-6.340720888201675
2060.0,1155.0,7.07469387755102,0.9207787951706166,1.6031996930420365,-6.340720888201675
1381.0,1155.0,7.931020408163265,0.93317866850475,1.6031996930420365,-6.340720888201675
100178.0,1155.0,7.931020408163265,0.931339429840482,1.6031996930420365,-6.340720888201675
1380.0,1155.0,7.931020408163265,0.944254205890753,1.6031996930420365,-6.340720888201675
1687.0,1155.0,7.931020408163265,0.9395269168332864,1.6031996930420365,-6.340720888201675
1686.0,114026.0,4.077551020408164,0.9050051509386272,2.0491034703101887,-8.309210901127736
117795.0,1155.0,7.931020408163265,0.9236378539277807,1.6031996930420365,-6.340720888201675
1370.0,114026.0,4.505714285714285,0.940133272721598,2.0491034703101887,-8.309210901127736
1096.0,579.0,0.01,0.9389515240065835,1.6249626539523383,-15.298366554657006
1369.0,114026.0,4.505714285714285,0.9326410466798014,2.0491034703101887,-8.309210901127736
1677.0,114026.0,4.077551020408164,0.8779330450800562,2.0491034703101887,-8.309210901127736
1363.0,114026.0,4.077551020408164,0.8675439365251095,2.0491034703101887,-8.309210901127736
1632.0,1093.0,0.01,0.9163023172979446,2.5562545353030153,-33.918400317262105
1631.0,1092.0,0.01,0.8709847022149387,2.7480651722742175,-39.05261777870769
1630.0,1388.0,6.860612244897959,0.8106867829416998,3.2693010486952083,-41.84608453892418
1325.0,1093.0,0.01,0.904568548377456,2.5562545353030153,-33.918400317262105
1324.0,1093.0,0.01,0.9098575793466696,2.5562545353030153,-33.918400317262105
1019.0,1092.0,0.01,0.8996549603660351,2.7480651722742175,-39.05261777870769
1323.0,1092.0,0.01,0.8316981497532169,2.7480651722742175,-39.05261777870769
1097.0,579.0,0.01,0.9389756943320562,1.6249626539523383,-15.298366554657006
1080.0,114026.0,6.0042857142857144,0.9362759424952076,2.0491034703101887,-8.309210901127736
1081.0,549.0,0.01,0.9534688030492648,1.8563735849177485,-20.886359664361137
1070.0,114026.0,6.0042857142857144,0.9242680825792314,2.0491034703101887,-8.309210901127736
1041.0,110049.0,2.578979591836734,0.8705445974615779,2.219404876355656,-24.175601494433685
1326.0,1094.0,0.01,0.8862322830243008,2.427803280954661,-30.007201168739154
1328.0,1388.0,6.860612244897959,0.8327319989987958,3.2693010486952083,-41.84608453892418
1033.0,1379.0,0.01,0.8774379819028809,2.535049039543957,-26.88112464699631
1032.0,1378.0,0.01,0.8751706772708296,2.719236757946771,-29.59629082645009
1031.0,1093.0,0.01,0.8881853938552126,2.5562545353030153,-33.918400317262105
1020.0,1092.0,0.01,0.9006130698366538,2.7480651722742175,-39.05261777870769
1082.0,569.0,0.01,0.9433132702770995,1.7312485927882408,-18.821988764617018
799.0,569.0,0.01,0.9468260983955972,1.7312485927882408,-18.821988764617018
1071.0,549.0,0.01,0.944440916039296,1.8563735849177485,-20.886359664361137
789.0,114026.0,6.0042857142857144,0.922880038977183,2.0491034703101887,-8.309210901127736
1034.0,1094.0,0.01,0.8832897681370275,2.427803280954661,-30.007201168739154
477.0,1378.0,0.01,0.8877978212894211,2.719236757946771,-29.59629082645009
732.0,1378.0,0.01,0.8942715361450508,2.719236757946771,-29.59629082645009
731.0,105115.0,0.01,0.9009379150931096,2.838055764735394,-33.44369933895108
1021.0,105115.0,0.01,0.907320543383954,2.838055764735394,-33.44369933895108
1014.0,1374.0,8.145102040816328,0.7950858212720135,3.70947896587614,-40.366084147894085
1311.0,1374.0,0.01,0.8061798518933085,3.70947896587614,-40.366084147894085
1315.0,1388.0,6.860612244897959,0.8047457213494392,3.2693010486952083,-41.84608453892418
1013.0,1374.0,8.145102040816328,0.705413000018053,3.70947896587614,-40.366084147894085
716.0,1713.0,2.3648979591836734,0.8447779083347222,1.3549616607949195,72.97555936255243
723.0,100557.0,0.01,0.9032343551500984,3.067388950729038,-35.968006728859926
722.0,100557.0,0.01,0.9028296999329748,3.067388950729038,-35.968006728859926
1008.0,1374.0,8.145102040816328,0.6796013865677972,3.70947896587614,-40.366084147894085
1308.0,1374.0,8.145102040816328,0.7483134046965041,3.70947896587614,-40.366084147894085
715.0,115811.0,9.429591836734694,0.7336399747690774,7.78606459574584,-8.526911479588966
1007.0,95342.0,3.4353061224489796,0.7096648616556633,5.967048032017455,-36.50582210137492
1307.0,1374.0,8.145102040816328,0.6743777678424185,3.70947896587614,-40.366084147894085
1004.0,95342.0,2.793061224489796,0.7675985477518288,5.967048032017455,-36.50582210137492
709.0,2468.0,3.4353061224489796,0.7772564912283346,5.580025469858493,-18.049485349053917
1306.0,95342.0,2.793061224489796,0.7065175101978219,5.967048032017455,-36.50582210137492
703.0,2451.0,1.9367346938775512,0.8151094776721934,4.842878397981967,-25.79293477599436
1003.0,2451.0,1.9367346938775512,0.7350083140762587,4.842878397981967,-25.79293477599436
1302.0,95342.0,2.793061224489796,0.6870055060701512,5.967048032017455,-36.50582210137492
1002.0,2451.0,1.9367346938775512,0.724902247613735,4.842878397981967,-25.79293477599436
702.0,2451.0,1.9367346938775512,0.8142312188498787,4.842878397981967,-25.79293477599436
1301.0,95342.0,2.793061224489796,0.6269210977958857,5.967048032017455,-36.50582210137492
113343.0,2057.0,2.3648979591836734,0.6505907590527586,4.267857507454819,-27.008237697702754
101370.0,2451.0,1.9367346938775512,0.7588229177409044,4.842878397981967,-25.79293477599436
998.0,2450.0,2.150816326530612,0.6965512076015086,4.739577165904346,-29.748818401069272
1300.0,2451.0,1.9367346938775512,0.6181878810873649,4.842878397981967,-25.79293477599436
1294.0,96159.0,9.857755102040818,0.5996590340686758,6.470317715571616,-8.277767885768638
997.0,2450.0,2.150816326530612,0.6852590795619418,4.739577165904346,-29.748818401069272
696.0,2450.0,2.150816326530612,0.7765990107542222,4.739577165904346,-29.748818401069272
111066.0,2450.0,2.150816326530612,0.7442789535952539,4.739577165904346,-29.748818401069272
994.0,2450.0,2.150816326530612,0.6709040419781596,4.739577165904346,-29.748818401069272
104096.0,96159.0,9.857755102040818,0.6090154057778324,6.470317715571616,-8.277767885768638
690.0,112201.0,9.643673469387757,0.6235639839999232,7.905963722857261,-13.106999483864461
691.0,2450.0,2.150816326530612,0.6936414365608706,4.739577165904346,-29.748818401069272
1283.0,96159.0,10.5,0.5834077452603192,6.470317715571616,-8.277767885768638
993.0,112201.0,9.643673469387757,0.6036687061343009,7.905963722857261,-13.106999483864461
790.0,568.0,0.01,0.9108234927857098,1.7447004740227234,-20.054367776864243
524.0,548.0,6.432448979591837,0.8870494589774941,1.906378790769177,-23.884958117542748
725.0,1725.0,2.793061224489796,0.8674561716189311,2.0207710836558905,-9.809560104912359
472.0,119572.0,7.502857142857144,0.885288541000391,4.565511924809538,-24.34686589784906
469.0,105115.0,0.01,0.8691520699253621,2.838055764735394,-33.44369933895108
724.0,105115.0,0.01,0.8870011712462122,2.838055764735394,-33.44369933895108
462.0,119572.0,9.215510204081632,0.8707817070347403,4.565511924809538,-24.34686589784906
468.0,1375.0,0.01,0.857290030480514,3.473622355865697,-36.724005742814356
320.0,115811.0,9.429591836734694,0.8260214544264476,7.78606459574584,-8.526911479588966
467.0,1375.0,0.01,0.8696024377266021,3.473622355865697,-36.724005742814356
714.0,115811.0,9.001428571428571,0.784143161124133,7.78606459574584,-8.526911479588966
461.0,119572.0,9.215510204081632,0.8268050409062221,4.565511924809538,-24.34686589784906
115426.0,119572.0,9.215510204081632,0.8687036341315816,4.565511924809538,-24.34686589784906
708.0,2451.0,1.9367346938775512,0.836722281548506,4.842878397981967,-25.79293477599436
457.0,2451.0,2.150816326530612,0.8435298507451626,4.842878397981967,-25.79293477599436
701.0,2451.0,1.9367346938775512,0.8393020244392511,4.842878397981967,-25.79293477599436
453.0,2451.0,1.9367346938775512,0.8531080944244513,4.842878397981967,-25.79293477599436
700.0,2450.0,2.150816326530612,0.841070753997913,4.739577165904346,-29.748818401069272
447.0,2450.0,2.150816326530612,0.805527750661326,4.739577165904346,-29.748818401069272
452.0,2450.0,2.150816326530612,0.8461908499071331,4.739577165904346,-29.748818401069272
695.0,2450.0,2.150816326530612,0.7706419311732405,4.739577165904346,-29.748818401069272
114782.0,2450.0,2.150816326530612,0.7223535036037066,4.739577165904346,-29.748818401069272
444.0,2450.0,2.150816326530612,0.6578802556622758,4.739577165904346,-29.748818401069272
440.0,112201.0,9.643673469387757,0.6024330473813715,7.905963722857261,-13.106999483864461
687.0,112201.0,9.643673469387757,0.6095370634309065,7.905963722857261,-13.106999483864461
683.0,112201.0,9.643673469387757,0.590778104643428,7.905963722857261,-13.106999483864461
686.0,112201.0,9.643673469387757,0.5566235401162012,7.905963722857261,-13.106999483864461
987.0,112201.0,9.643673469387757,0.6062083851395623,7.905963722857261,-13.106999483864461
97056.0,112201.0,9.643673469387757,0.5294721101454661,7.905963722857261,-13.106999483864461
435.0,112201.0,9.643673469387757,0.4826920084463296,7.905963722857261,-13.106999483864461
439.0,112201.0,9.643673469387757,0.4949464571553487,7.905963722857261,-13.106999483864461
682.0,112201.0,9.643673469387757,0.529629229052155,7.905963722857261,-13.106999483864461
979.0,112201.0,10.071836734693878,0.5771087208087124,7.905963722857261,-13.106999483864461
681.0,112201.0,9.643673469387757,0.4344074939551994,7.905963722857261,-13.106999483864461
676.0,112201.0,10.071836734693878,0.4162309551279712,7.905963722857261,-13.106999483864461
99530.0,112201.0,10.071836734693878,0.5087719872976555,7.905963722857261,-13.106999483864461
434.0,4234.0,0.866326530612245,0.4193736075789493,7.936216765934696,-14.014236602682093
675.0,112201.0,10.071836734693878,0.3338779821827322,7.905963722857261,-13.106999483864461
119613.0,112201.0,9.643673469387757,0.3673619217806146,7.905963722857261,-13.106999483864461
471.0,1724.0,0.866326530612245,0.8876126627497685,3.1186278108236976,-24.640897710570684
104689.0,1724.0,0.866326530612245,0.8916102770193987,3.1186278108236976,-24.640897710570684
470.0,1724.0,0.866326530612245,0.8717365079380692,3.1186278108236976,-24.640897710570684
104397.0,1724.0,0.866326530612245,0.8830132650585001,3.1186278108236976,-24.640897710570684
111245.0,119572.0,7.502857142857144,0.86978659296052,4.565511924809538,-24.34686589784906
104603.0,1724.0,0.866326530612245,0.883926886732529,3.1186278108236976,-24.640897710570684
322.0,119572.0,7.07469387755102,0.861452741595094,4.565511924809538,-24.34686589784906
321.0,119572.0,7.07469387755102,0.8484092024319684,4.565511924809538,-24.34686589784906
109487.0,2452.0,1.9367346938775512,0.8240128366708396,4.9139383456158505,-24.460360430926027
319.0,1684.0,0.01,0.8154749908782792,3.7999807499604867,-32.438049400239166
98488.0,1692.0,0.01,0.7850012170275232,3.949606771293164,-35.93187295677041
460.0,119572.0,9.215510204081632,0.8494991774410379,4.565511924809538,-24.34686589784906
456.0,2451.0,2.150816326530612,0.8545682615633593,4.842878397981967,-25.79293477599436
315.0,2451.0,2.150816326530612,0.8708933824904335,4.842878397981967,-25.79293477599436
323.0,119572.0,7.07469387755102,0.8650301995700452,4.565511924809538,-24.34686589784906
309.0,2451.0,1.9367346938775512,0.8523780428172234,4.842878397981967,-25.79293477599436
301.0,2450.0,2.150816326530612,0.8086416641019769,4.739577165904346,-29.748818401069272
300.0,2450.0,2.150816326530612,0.7203661590661525,4.739577165904346,-29.748818401069272
296.0,4719.0,1.9367346938775512,0.6162289056135296,7.8709368735479694,-11.962776713033026
438.0,4234.0,0.6522448979591837,0.4572669226290592,7.936216765934696,-14.014236602682093
290.0,112201.0,9.643673469387757,0.4724773839652011,7.905963722857261,-13.106999483864461
287.0,4234.0,0.866326530612245,0.422576527064698,7.936216765934696,-14.014236602682093
289.0,4234.0,0.6522448979591837,0.4687392553924948,7.936216765934696,-14.014236602682093
433.0,4234.0,0.866326530612245,0.3742923041153184,7.936216765934696,-14.014236602682093
432.0,96147.0,8.78734693877551,0.3110208485695841,7.928287765570076,-13.782885637617236
680.0,96147.0,8.78734693877551,0.318571582886346,7.928287765570076,-13.782885637617236
288.0,4234.0,0.866326530612245,0.3708608586558863,7.936216765934696,-14.014236602682093
437.0,96147.0,8.78734693877551,0.3491584195926033,7.928287765570076,-13.782885637617236
966.0,96603.0,7.931020408163265,0.2806522237963259,7.7975821724554235,-9.074010784574083
197.0,2451.0,2.150816326530612,0.8567689511904439,4.842878397981967,-25.79293477599436
314.0,2451.0,2.150816326530612,0.8335435046654338,4.842878397981967,-25.79293477599436
103876.0,2452.0,1.9367346938775512,0.8273461182949737,4.9139383456158505,-24.460360430926027
313.0,2451.0,1.9367346938775512,0.8127817805393925,4.842878397981967,-25.79293477599436
312.0,2056.0,0.01,0.7572724022323489,4.233643529962547,-31.020090926105997
189.0,2451.0,1.9367346938775512,0.8355393960331912,4.842878397981967,-25.79293477599436
196.0,2451.0,1.9367346938775512,0.8135036146754063,4.842878397981967,-25.79293477599436
195.0,2451.0,1.9367346938775512,0.7458309626876125,4.842878397981967,-25.79293477599436
117726.0,2056.0,0.01,0.6755411025733227,4.233643529962547,-31.020090926105997
308.0,2451.0,1.9367346938775512,0.8287713457960854,4.842878397981967,-25.79293477599436
188.0,2451.0,1.9367346938775512,0.7831368008527955,4.842878397981967,-25.79293477599436
305.0,2450.0,2.150816326530612,0.7685020117113915,4.739577165904346,-29.748818401069272
183.0,2450.0,2.150816326530612,0.7414870137722316,4.739577165904346,-29.748818401069272
108336.0,2450.0,2.150816326530612,0.740114762588965,4.739577165904346,-29.748818401069272
182.0,2450.0,2.150816326530612,0.7115734720528143,4.739577165904346,-29.748818401069272
299.0,2450.0,2.150816326530612,0.6332908823934154,4.739577165904346,-29.748818401069272
178.0,2450.0,2.150816326530612,0.6378730341351698,4.739577165904346,-29.748818401069272
295.0,4719.0,1.9367346938775512,0.5566083617672614,7.8709368735479694,-11.962776713033026
294.0,4234.0,0.6522448979591837,0.4960409195372794,7.936216765934696,-14.014236602682093
171.0,2450.0,2.150816326530612,0.5795103033630024,4.739577165904346,-29.748818401069272
170.0,2450.0,2.150816326530612,0.4994551924046443,4.739577165904346,-29.748818401069272
293.0,4234.0,0.6522448979591837,0.4012183232918354,7.936216765934696,-14.014236602682093
119793.0,4234.0,0.866326530612245,0.4079700367892793,7.936216765934696,-14.014236602682093
187.0,2451.0,1.9367346938775512,0.7457337097907493,4.842878397981967,-25.79293477599436
111568.0,2450.0,1.72265306122449,0.6962601262919385,4.739577165904346,-29.748818401069272
113457.0,2450.0,0.01,0.6609477594522045,4.739577165904346,-29.748818401069272
115169.0,2450.0,2.150816326530612,0.7139474205198291,4.739577165904346,-29.748818401069272
181.0,2450.0,2.150816326530612,0.70734354734188,4.739577165904346,-29.748818401069272
118500.0,2450.0,2.150816326530612,0.6759939494331173,4.739577165904346,-29.748818401069272
87.0,2450.0,2.150816326530612,0.6791652699600668,4.739577165904346,-29.748818401069272
177.0,2450.0,2.150816326530612,0.6541419155593294,4.739577165904346,-29.748818401069272
106823.0,2450.0,2.150816326530612,0.6180438502907367,4.739577165904346,-29.748818401069272
169.0,95342.0,0.01,0.5166266358338374,5.967048032017455,-36.50582210137492
93.0,2450.0,0.01,0.6269526827552077,4.739577165904346,-29.748818401069272
86.0,2450.0,1.72265306122449,0.6121371814047079,4.739577165904346,-29.748818401069272
176.0,2450.0,2.150816326530612,0.6451775072958716,4.739577165904346,-29.748818401069272
685.0,96603.0,7.931020408163265,0.3365021257831396,7.7975821724554235,-9.074010784574083
978.0,96603.0,7.931020408163265,0.3112398750325406,7.7975821724554235,-9.074010784574083
977.0,96603.0,7.931020408163265,0.3050937461931519,7.7975821724554235,-9.074010784574083
118466.0,96603.0,7.931020408163265,0.3015175638816676,7.7975821724554235,-9.074010784574083
1293.0,96159.0,9.857755102040818,0.5475562611748852,6.470317715571616,-8.277767885768638
1592.0,1377.0,10.5,0.513847444507211,3.1090589121511427,-33.038251003900726
1591.0,1374.0,9.215510204081632,0.4817542018560357,3.70947896587614,-40.366084147894085
109206.0,1377.0,10.5,0.565584589834822,3.1090589121511427,-33.038251003900726
97064.0,96603.0,7.931020408163265,0.2833341297733012,7.7975821724554235,-9.074010784574083
965.0,96603.0,7.931020408163265,0.2597517778358108,7.7975821724554235,-9.074010784574083
1262.0,96603.0,7.931020408163265,0.2847579069207157,7.7975821724554235,-9.074010784574083
1261.0,96603.0,7.931020408163265,0.2415315047075433,7.7975821724554235,-9.074010784574083
957.0,114922.0,4.505714285714285,0.1482026133269758,7.921463988725006,-13.580146841267663
964.0,96603.0,7.931020408163265,0.188130287138533,7.7975821724554235,-9.074010784574083
956.0,114922.0,4.505714285714285,0.0559861804374757,7.921463988725006,-13.580146841267663
963.0,100082.0,10.5,0.1826579402552667,7.9868239437744775,15.40162775484084
955.0,114922.0,4.505714285714285,-0.0538432616239998,7.921463988725006,-13.580146841267663
663.0,101208.0,4.933877551020409,-0.2321193790359952,7.011585907492303,14.983682253814687
669.0,97747.0,10.5,-0.2922266215520821,5.692628034045017,79.06460099258612
96339.0,101208.0,4.933877551020409,-0.2359140706996938,7.011585907492303,14.983682253814687
116936.0,413.0,5.1479591836734695,-0.2702956855071423,0.7968815226300893,-16.899156965246533
662.0,413.0,5.1479591836734695,-0.2181991647173904,0.7968815226300893,-16.899156965246533
656.0,413.0,5.1479591836734695,-0.0985940740223787,0.7968815226300893,-16.899156965246533
661.0,413.0,5.1479591836734695,-0.16779130651288,0.7968815226300893,-16.899156965246533
107472.0,429.0,8.359183673469389,0.0318980830049108,1.0812787496700917,-21.99184358308447
660.0,429.0,8.57326530612245,0.179941696788984,1.0812787496700917,-21.99184358308447
99219.0,7079.0,8.145102040816328,0.2229225447004927,10.59700017520704,46.60380688660979
659.0,7079.0,2.578979591836734,0.4656075469585532,10.59700017520704,46.60380688660979
655.0,7719.0,0.01,0.297982327026006,10.82397677864228,45.34752626488644
113611.0,3418.0,0.01,0.615215127542085,0.0,0.0
106833.0,429.0,8.359183673469389,0.0740118321568636,1.0812787496700917,-21.99184358308447
116220.0,5322.0,7.043799240656121,0.7571300327574935,7.799729342268844,9.172327690374463
116220.0,5322.0,7.228159091154825,0.7571522098451244,7.799729342268844,9.172327690374463
