Target Vertex Index,Source Vertex Index,Best Sigma Coarse,Best Variance Explained Coarse
10522,4548,10.5,-0.26089428516616087
10522,4533,10.5,-0.2620553505104033
10522,4549,10.5,-0.26200182473367617
10522,5037,10.5,-0.2601858850027048
10522,4532,10.5,-0.26140956859671594
10522,5038,10.5,-0.2610219805299694
10522,111737,10.5,-0.2594245152092971
10522,102131,10.5,-0.25993747853776394
10522,4087,10.5,-0.2621381717983584
10522,4073,10.5,-0.2630008836880795
10522,99242,10.5,-0.2628684392393481
10522,5021,10.5,-0.2600792010610007
10522,5571,10.5,-0.25909152823527504
10522,5048,10.5,-0.2611063307813257
10522,5586,10.5,-0.26017881534719756
10522,5049,10.5,-0.26116252361842296
10522,5593,10.5,-0.26035444531236385
10522,4564,10.5,-0.2621218696264682
10522,5050,10.5,-0.2617746962586869
10522,5039,10.5,-0.2606404484520539
10522,4565,10.5,-0.2629191075371622
10522,105099,10.5,-0.2624869613051537
10522,5040,10.5,-0.2613620406422039
10522,110830,10.5,-0.2582193244903268
10522,99097,10.5,-0.2578381433199868
10522,5570,10.5,-0.2587510281087744
10522,6131,10.5,-0.2596445382812813
10522,5585,10.5,-0.2591949340073292
10522,6122,10.5,-0.25956958773073335
10522,6121,10.5,-0.2589590266924984
10522,6684,10.5,-0.25869043788055723
10522,6110,10.5,-0.2588970087093825
10522,5572,10.5,-0.25978382440936
10522,6675,10.5,-0.25789770245116195
10522,6683,10.5,-0.25813902407887057
10522,6108,10.5,-0.257064083520117
10522,6107,10.5,-0.25657410131161007
10522,115812,10.5,-0.25749300751112436
10522,110107,10.5,-0.26384298245328597
10522,4074,10.5,-0.263349603287246
10522,118984,10.5,-0.2590291630021899
10522,4550,10.5,-0.26313541729591416
10522,4534,10.5,-0.26192355503946185
10522,4076,10.5,-0.26371917081857554
10522,3628,10.5,-0.2641627826680657
10522,3635,10.5,-0.26510365021447546
10522,100675,10.5,-0.2643813080142152
10522,6109,10.5,-0.2575613735784461
10522,113742,10.5,-0.25846203463586814
10522,6119,10.5,-0.2581887047276299
10522,5569,0.05,-0.10954268805557299
10522,5556,10.5,-0.257796577656775
10522,4075,10.5,-0.26428881970239937
10522,3636,10.5,-0.2652842802579589
10522,6682,10.5,-0.2576075105546902
10522,6120,10.5,-0.25840349675386753
10522,6674,10.5,-0.25722966977083916
10522,6681,10.5,-0.25713944917274767
10522,6673,10.5,-0.2566202564337807
10522,108017,10.5,-0.25655596095811073
10522,6672,10.5,-0.25649841021206776
10522,6093,10.5,-0.2582290387784465
10522,6659,10.5,-0.2571531875609161
10522,107065,10.5,-0.2568838399568094
10522,6658,10.5,-0.256274662945178
10522,7293,10.5,-0.2556501037943728
10522,7305,10.5,-0.2559484105244838
10522,7304,10.5,-0.25555782611759303
10522,6671,10.5,-0.25603466348266624
10522,6657,10.5,-0.2553579350313069
10522,6670,10.5,-0.2556289176432247
10522,6656,0.05,-0.08913383510689266
10522,6092,0.05,0.10541751816219447
10522,6083,10.5,-0.2570571714551253
10522,6645,10.5,-0.25596818277580846
10522,6644,10.5,-0.255891416599467
10522,117645,10.5,-0.25807597794351134
10522,7294,10.5,-0.25545479598005993
10522,7291,10.5,-0.2547876446951094
10522,6643,0.05,0.1512512212980106
10522,7290,0.4765306122448979,-0.00020427285798318984
10522,6071,10.5,-0.25604859511934563
10522,6633,10.5,-0.25486531823482617
10522,6634,10.5,-0.2548107184343187
10522,7276,10.5,-0.25476272798407384
10522,7272,0.26326530612244897,0.20577834494996594
10522,101713,0.05,0.15321074028778225
10522,6642,0.4765306122448979,0.17631008977694396
10522,6632,0.4765306122448979,0.15963582856144853
10522,6081,0.4765306122448979,0.13723196516989966
10522,7271,0.4765306122448979,0.1882628449974192
10522,119753,0.4765306122448979,-0.06635755813078825
10522,6626,0.4765306122448979,-0.13627979862425343
10522,6060,0.4765306122448979,-0.15052828341814894
10522,6625,10.5,-0.2538909931048958
10522,7261,10.5,-0.2538972669531083
10522,6614,0.6897959183673469,-0.0710845165304419
10522,109463,0.6897959183673469,-0.2154662902181239
10522,6615,0.4765306122448979,0.05166265419378713
10522,7246,10.5,-0.2530936573408433
10522,5557,10.5,-0.25902009687263394
10522,98729,0.05,0.06971913906625049
10522,6084,10.5,-0.25793946294991743
10522,6072,10.5,-0.25720861898465297
10522,6069,0.4765306122448979,0.11150383380387086
10522,6082,0.4765306122448979,0.08437284461257655
10522,5537,10.5,-0.2570294622281142
10522,6061,10.5,-0.2561108522601414
10522,5546,10.5,-0.2583895836608445
10522,103992,10.5,-0.257852817990043
10522,5525,0.4765306122448979,-0.10627381687711446
10522,102221,0.4765306122448979,-0.013103607748511381
10522,6049,0.4765306122448979,0.06023062119389655
10522,6050,0.4765306122448979,0.16403422281017332
10522,6604,0.4765306122448979,0.15936445818462885
10522,116601,10.5,-0.26054723888181863
10522,103259,10.5,-0.25992548857685605
10522,5012,10.5,-0.25899954471770026
10522,5020,10.5,-0.2598752707544787
10522,5555,10.5,-0.2572863619526422
10522,5558,10.5,-0.2590073605104397
10522,5545,10.5,-0.2568750361240133
10522,5006,10.5,-0.25848063810585353
10522,121420,0.05,-0.011419045945857631
10522,5013,10.5,-0.25954536467094247
10522,5007,10.5,-0.2587743083499856
10522,100343,0.4765306122448979,-0.06862697210714686
10522,4997,10.5,-0.25753503552667656
10522,5536,0.6897959183673469,-0.2197310268155177
10522,5526,0.6897959183673469,-0.08763803609032261
10522,4998,10.5,-0.2578924846904871
10522,5524,0.6897959183673469,-0.11082710138254237
10522,4985,10.5,-0.2567691609324054
10522,6070,0.6897959183673469,-0.011563990532250878
10522,4987,0.4765306122448979,0.05372463312607101
10522,4977,0.6897959183673469,0.279147173284195
10522,5515,0.6897959183673469,0.2163656402535694
10522,5514,0.6897959183673469,0.1821992876244175
10522,5504,0.6897959183673469,0.32939554573063556
10522,116504,0.6897959183673469,0.32529051488130567
10522,6038,0.6897959183673469,0.3051646196769364
10522,5505,0.6897959183673469,0.307909069844998
10522,5492,0.6897959183673469,0.35356200258690074
10522,5493,0.6897959183673469,0.257128245021059
10522,5480,0.6897959183673469,0.3302088740864789
10522,6023,0.6897959183673469,0.35579799858105066
10522,5022,10.5,-0.2608568846693444
10522,4527,10.5,-0.26091755339625666
10522,106287,10.5,-0.2600840431029421
10522,4531,10.5,-0.2610397570152443
10522,4526,10.5,-0.260542872895863
10522,5008,10.5,-0.260004278692302
10522,4525,10.5,-0.25991433654514595
10522,4511,10.5,-0.2603780788274803
10522,4999,10.5,-0.2589767308020565
10522,4528,10.5,-0.26133772461648697
10522,4996,10.5,-0.2586957613598717
10522,4521,10.5,-0.259609305506473
10522,5000,0.4765306122448979,0.20779416379086746
10522,4512,0.4765306122448979,0.1028061707430965
10522,4510,10.5,-0.25790246915726867
10522,4520,10.5,-0.2595546984301562
10522,4509,10.5,-0.2590020935930022
10522,4988,0.6897959183673469,0.3536875855026703
10522,105460,10.5,-0.257263040025014
10522,4986,0.4765306122448979,-0.07848754512539102
10522,5513,0.4765306122448979,-0.07587507311589903
10522,4978,0.6897959183673469,0.33639696709057876
10522,4089,10.5,-0.26427752483526157
10522,4088,10.5,-0.26325130195144175
10522,122070,10.5,-0.26268416493354496
10522,4077,10.5,-0.2643248801933906
10522,4535,10.5,-0.2623314217027448
10522,4068,10.5,-0.263602595624572
10522,4061,10.5,-0.26267899485203694
10522,4067,10.5,-0.26284136867779795
10522,4066,10.5,-0.26236136808708
10522,4065,10.5,-0.2617955949280668
10522,4052,10.5,-0.26150437812793426
10522,98859,10.5,-0.26115158316619014
10522,4058,10.5,-0.26058362239493227
10522,112746,10.5,-0.2601431954017721
10522,4039,10.5,-0.2600638648025917
10522,4040,0.4765306122448979,0.3360032921468137
10522,4500,0.4765306122448979,0.37158507314559286
10522,4053,0.4765306122448979,-0.19912048422336626
10522,4031,10.5,-0.257937183492994
10522,4030,10.5,-0.2589648145307517
10522,118316,10.5,-0.25958284392719944
10522,4032,0.6897959183673469,0.15433523819575667
10522,4501,0.6897959183673469,0.2102353435986345
10522,3646,10.5,-0.2653260104043973
10522,3647,10.5,-0.2654462525265613
10522,4090,10.5,-0.2651033504659692
10522,3630,10.5,-0.26472458898986617
10522,115869,10.5,-0.2652990746887298
10522,3622,10.5,-0.26395381322956135
10522,98939,10.5,-0.2636653642951765
10522,4060,10.5,-0.2630861233391584
10522,4059,10.5,-0.2623982133668228
10522,4062,10.5,-0.2621345662825867
10522,3623,10.5,-0.26354433785170506
10522,3621,10.5,-0.2636366851065688
10522,3627,10.5,-0.26427778525024026
10522,4051,10.5,-0.2616143323042699
10522,3616,10.5,-0.2628633742224036
10522,4050,10.5,-0.26082058873473435
10522,3617,0.4765306122448979,-0.06707320795490102
10522,4054,0.4765306122448979,0.25276462766191266
10522,3615,10.5,-0.2617726746021849
10522,3604,10.5,-0.2609166708668891
10522,3605,0.6897959183673469,0.07111350072328071
10522,3603,10.5,-0.2602031648596681
10522,4502,0.9030612244897959,0.08613264623954953
10522,4033,0.9030612244897959,-0.013760235777727337
10522,4022,10.5,-0.2581225767659676
10522,4498,0.05,-0.03573485092378004
10522,117499,0.26326530612244897,-0.12352572713925469
10522,3596,10.5,-0.2596237789849509
10522,3591,10.5,-0.2589397754623335
10522,4018,10.5,-0.2580979414230935
10522,4023,10.5,-0.25749532592066426
10522,3578,10.5,-0.25842021833103
10522,118651,10.5,-0.25773811238206035
10522,3244,10.5,-0.26646980729071323
10522,3648,10.5,-0.26610093574465066
10522,3243,10.5,-0.26633252479913017
10522,3234,10.5,-0.26624928903449097
10522,3233,10.5,-0.26612687979132876
10522,3629,10.5,-0.26525539634180917
10522,3631,10.5,-0.26494422318989086
10522,3638,10.5,-0.265845436445441
10522,107741,10.5,-0.2648248896589771
10522,3228,10.5,-0.2658367372236272
10522,3226,10.5,-0.26471916248878413
10522,3227,10.5,-0.2653057809075703
10522,3624,0.4765306122448979,-0.13444807558650096
10522,3221,10.5,-0.2651041271655312
10522,3222,10.5,-0.2643190418809176
10522,3220,10.5,-0.26409280386795775
10522,3618,0.4765306122448979,-0.006365544242593391
10522,3212,10.5,-0.2626950635875016
10522,3213,10.5,-0.2635648151895431
10522,3199,10.5,-0.2616964595146487
10522,120698,0.6897959183673469,-0.15215791137361978
10522,4041,0.9030612244897959,-0.17448790541222325
10522,3198,10.5,-0.26093560014978867
10522,3185,10.5,-0.2602116319773835
10522,3590,10.5,-0.2594743630112377
10522,3577,10.5,-0.2591285749552623
10522,112254,10.5,-0.25966629180648293
10522,3154,10.5,-0.25866657857393394
10522,3579,10.5,-0.25770104498620094
10522,3155,10.5,-0.25807706712164036
10522,2722,10.5,-0.2592350358003246
10522,110522,10.5,-0.26745409199308523
10522,3235,10.5,-0.2670382033402716
10522,2826,10.5,-0.2673279259990382
10522,107128,10.5,-0.267261359550246
10522,102576,10.5,-0.2680396347084786
10522,2829,10.5,-0.26770076715240987
10522,3637,10.5,-0.26641191216306903
10522,104110,10.5,-0.2671204453738951
10522,2809,10.5,-0.2667870899678686
10522,2808,10.5,-0.2663580026758521
10522,2807,10.5,-0.26557645184880996
10522,2794,10.5,-0.2651222974451759
10522,3214,10.5,-0.2629127877047428
10522,100914,10.5,-0.2650330062185744
10522,3215,10.5,-0.26414594498624133
10522,97902,10.5,-0.26529561871918017
10522,2795,10.5,-0.2660966409684895
10522,3229,10.5,-0.26612507419113585
10522,2793,10.5,-0.26440926900205297
10522,3223,10.5,-0.2652713031643048
10522,3216,10.5,-0.26428016644434615
10522,3607,10.5,-0.26296217356063156
10522,3606,10.5,-0.2616336342688461
10522,2792,10.5,-0.26366199816523106
10522,116298,10.5,-0.26227110772635975
10522,2781,10.5,-0.2630444955392719
10522,3211,10.5,-0.26155054143028456
10522,107646,10.5,-0.26094054831389624
10522,3170,10.5,-0.2600479150828017
10522,105400,10.5,-0.2605793049341181
10522,2735,10.5,-0.2598645318364934
10522,2734,10.5,-0.26021636231712364
10522,3171,10.5,-0.25966680451565183
10522,113118,10.5,-0.2582596578321794
10522,3156,10.5,-0.25742780096940243
10522,108719,10.5,-0.2576720299247597
10522,2723,10.5,-0.2586440816599509
10522,2819,10.5,-0.26821383990041503
10522,3236,10.5,-0.267044627304184
10522,2828,10.5,-0.2686213647489095
10522,2423,10.5,-0.26928293012772864
10522,2424,10.5,-0.2691505071668363
10522,117075,10.5,-0.2686925819695336
10522,2827,10.5,-0.26827701655273106
10522,116751,10.5,-0.2680387867220697
10522,2411,10.5,-0.2687732879688658
10522,112918,10.5,-0.2680295351215114
10522,2810,10.5,-0.2672107013123157
10522,2811,10.5,-0.26727402651064924
10522,116881,10.5,-0.2672139031793024
10522,2817,10.5,-0.26770024856720065
10522,2384,10.5,-0.2661728379204127
10522,2397,10.5,-0.2671449576193303
10522,2796,10.5,-0.26602987789010135
10522,2383,10.5,-0.2654532428752956
10522,106194,10.5,-0.2644427016254154
10522,106383,10.5,-0.2637809402587121
10522,2780,10.5,-0.2623677730899374
10522,2791,10.5,-0.26326721388736085
10522,3210,10.5,-0.26155391177742593
10522,2779,10.5,-0.2620121721615083
10522,2790,10.5,-0.2625764764367917
10522,3219,10.5,-0.26147218071095146
10522,2789,10.5,-0.2617744060494913
10522,114018,10.5,-0.25971106422531953
10522,2341,10.5,-0.2597365968656502
10522,2736,10.5,-0.25944636409398325
10522,2753,10.5,-0.2601537897847115
10522,3184,10.5,-0.2605990848621713
10522,2330,10.5,-0.25832033346537364
10522,2329,10.5,-0.2588142458582652
10522,2724,10.5,-0.2580877708014593
10522,98561,10.5,-0.2694255192885777
10522,2021,10.5,-0.2697872013307261
10522,2422,10.5,-0.2692199811679199
10522,2020,10.5,-0.2698577203276964
10522,2019,10.5,-0.2698119249052544
10522,101447,10.5,-0.2687555246723947
10522,2421,10.5,-0.2693517459879098
10522,2410,10.5,-0.2690636146777543
10522,2005,10.5,-0.26964941958820576
10522,2399,10.5,-0.2683135678808144
10522,111093,10.5,-0.26893502316145357
10522,2409,10.5,-0.2685553693169198
10522,2004,10.5,-0.26922618857333935
10522,2818,10.5,-0.26818271504537017
10522,1991,10.5,-0.2686027813111054
10522,2398,10.5,-0.2679231523332122
10522,1992,10.5,-0.26859657930004466
10522,2400,10.5,-0.2678675053592048
10522,1990,10.5,-0.26786917068162297
10522,1989,10.5,-0.2669638882066736
10522,120764,10.5,-0.2662332977035009
10522,1977,10.5,-0.2655553638268613
10522,1978,10.5,-0.26625840514400334
10522,2382,10.5,-0.2649265534626626
10522,2381,10.5,-0.2641767888845903
10522,2396,10.5,-0.26481857610679227
10522,2380,10.5,-0.2633008414439766
10522,2395,10.5,-0.26397894545871536
10522,2806,10.5,-0.26238921065256804
10522,122664,10.5,-0.26317233903823967
10522,2342,10.5,-0.2591241338502659
10522,2359,10.5,-0.2591966572096991
10522,2752,10.5,-0.2596301182310292
10522,122157,10.5,-0.2579653233793331
10522,2344,10.5,-0.2583155506347663
10522,109860,10.5,-0.25779418053101977
10522,117708,10.5,-0.2585815622688574
10522,2343,10.5,-0.2590467705974835
10522,1641,10.5,-0.27022326899405114
10522,1631,10.5,-0.26997672742470935
10522,110012,10.5,-0.2702387834906752
10522,1629,10.5,-0.27005892143200305
10522,1628,10.5,-0.26969118014337545
10522,1620,10.5,-0.2690414522740314
10522,2401,10.5,-0.2677967627601443
10522,1993,10.5,-0.2684767640480352
10522,2006,10.5,-0.2693374120983729
10522,119194,10.5,-0.2690684871096216
10522,118550,10.5,-0.2683641800793122
10522,102210,10.5,-0.26773543407763256
10522,99273,10.5,-0.26698888500530527
10522,1988,10.5,-0.26622652481646547
10522,1987,10.5,-0.26541606448211064
10522,1640,10.5,-0.2703679939177468
10522,1630,10.5,-0.2703004842274348
10522,1330,10.5,-0.2702652319200345
10522,118905,10.5,-0.2702826972529828
10522,1331,10.5,-0.27032866827526414
10522,114722,10.5,-0.2700807337024731
10522,1632,10.5,-0.26963003739216074
10522,1332,10.5,-0.270243198701948
10522,1329,10.5,-0.26986484363019625
10522,113236,10.5,-0.2693879185474126
10522,1319,10.5,-0.2688081683824708
10522,1619,10.5,-0.26831256779424106
10522,1318,10.5,-0.26806284619385323
10522,1618,10.5,-0.2675877716950503
10522,1617,10.5,-0.2668163658500762
10522,1317,10.5,-0.2672176027358335
10522,98468,10.5,-0.266071197032697
10522,1316,10.5,-0.26634023585174416
10522,1063,10.5,-0.2700141423368305
10522,1333,10.5,-0.2699626090408096
10522,1062,10.5,-0.27014676847342045
10522,1061,10.5,-0.2701072558565836
10522,111431,10.5,-0.27002705933972604
10522,107486,10.5,-0.26940842908412765
10522,1328,10.5,-0.269183526861108
10522,1327,10.5,-0.26850380721924494
10522,1060,10.5,-0.2686915133927792
10522,1326,10.5,-0.267770757427207
10522,117541,10.5,-0.26816170268644135
10522,111585,10.5,-0.2670594983981689
10522,103317,10.5,-0.2675657624585639
10522,1325,10.5,-0.26642893350206864
10522,1616,10.5,-0.2654233454792858
10522,1324,10.5,-0.2656708959098284
10522,1076,10.5,-0.2697759461212528
10522,1077,10.5,-0.2696722189825522
10522,1075,10.5,-0.26978277999573486
10522,836,10.5,-0.2696510827661631
10522,1074,10.5,-0.269548683007224
10522,1059,10.5,-0.2680695420708199
10522,834,10.5,-0.26858811740407296
10522,832,10.5,-0.26719322191267936
10522,833,10.5,-0.26786107000513915
10522,835,10.5,-0.26912569336251635
10522,102567,10.5,-0.269107845088596
10522,847,10.5,-0.2685650954273118
10522,846,10.5,-0.2679345807992761
10522,845,10.5,-0.2672086570104235
10522,1073,10.5,-0.2661515280552629
10522,844,10.5,-0.2662345164519917
10522,1058,10.5,-0.26675854315408976
10522,660,10.5,-0.2657294332179321
10522,661,10.5,-0.26655209396744906
10522,843,10.5,-0.265420734178597
10522,858,10.5,-0.2651055818318502
10522,662,10.5,-0.2671628307011107
10522,663,10.5,-0.2677614335309557
10522,664,10.5,-0.2682848697763722
10522,857,10.5,-0.2644747156286482
10522,676,10.5,-0.2647704549636838
10522,869,10.5,-0.2641234771125516
10522,685,10.5,-0.26386068556296216
10522,675,10.5,-0.2634175068761604
10522,112252,10.5,-0.26335633452762397
10522,102632,10.5,-0.2659707496561772
10522,101304,10.5,-0.2662677278805605
10522,1072,10.5,-0.26512830558461453
10522,849,10.5,-0.2690498206494021
10522,848,10.5,-0.2687497121463962
10522,100876,10.5,-0.2692168743951975
10522,118281,10.5,-0.2692850691663866
10522,1342,10.5,-0.2695666225749327
10522,1353,10.5,-0.26901937794954245
10522,117679,10.5,-0.26502652242092317
10522,1057,10.5,-0.26564128167787415
10522,1323,10.5,-0.2647814803739619
10522,1642,10.5,-0.26970087794152997
10522,1655,10.5,-0.26910137654874644
10522,1085,10.5,-0.2685257998112791
10522,1365,10.5,-0.26801312522883625
10522,1366,10.5,-0.26820097596478987
10522,1098,10.5,-0.26751075161849514
10522,1109,10.5,-0.26687662305907667
10522,107573,10.5,-0.2673655320063344
10522,1377,10.5,-0.26706782342485513
10522,1669,10.5,-0.2682118960397011
10522,1376,10.5,-0.2662642834393043
10522,1692,10.5,-0.26563292153249995
10522,2053,10.5,-0.2661987003409165
10522,2043,10.5,-0.2672811101489785
10522,1627,10.5,-0.2643700640198945
10522,1615,10.5,-0.26474697427624005
10522,1626,10.5,-0.26373246292214314
10522,1638,10.5,-0.2639349536758153
10522,1637,10.5,-0.26323427463995763
10522,1643,10.5,-0.2695804061031699
10522,2007,10.5,-0.2690363995782252
10522,1341,10.5,-0.26310479351910754
10522,106432,10.5,-0.26224762025073445
10522,2015,10.5,-0.2625527147218478
10522,122440,10.5,-0.26244227612622373
10522,1070,10.5,-0.2640693246087491
10522,105012,10.5,-0.2689930484370404
10522,1656,10.5,-0.2692835563613325
10522,2022,10.5,-0.2689697200118668
10522,2033,10.5,-0.2684772935171391
10522,1670,10.5,-0.26794958913299194
10522,106319,10.5,-0.2667644844010124
10522,2044,10.5,-0.2672626426390401
10522,1691,10.5,-0.2648545857160707
10522,98949,10.5,-0.2643100663036255
10522,2063,10.5,-0.2648367944438552
10522,1986,10.5,-0.26446428308954273
10522,1994,10.5,-0.26832761921652937
10522,2402,10.5,-0.26762317491473775
10522,2412,10.5,-0.26788900716735053
10522,2008,10.5,-0.26842185034535526
10522,2034,10.5,-0.26814377989222704
10522,2425,10.5,-0.2676812698850224
10522,2027,10.5,-0.2615794465880026
10522,2003,10.5,-0.2626395125223058
10522,111400,10.5,-0.2616085929611005
10522,99132,10.5,-0.2606624881918216
10522,1649,10.5,-0.260504023331406
10522,1650,10.5,-0.26112034109453397
10522,121887,10.5,-0.2672775850907103
10522,2433,10.5,-0.26717963604217454
10522,2456,10.5,-0.2659734055941352
10522,116830,10.5,-0.2664819255898736
10522,2054,10.5,-0.2656482526148638
10522,2464,10.5,-0.2646458310317503
10522,1935,10.5,-0.25863115979691953
10522,2360,10.5,-0.25877618470893715
10522,1936,10.5,-0.25812821660491947
10522,1937,10.5,-0.2577031143034383
10522,1950,10.5,-0.2585107502324875
10522,2358,10.5,-0.2590945062227028
10522,1951,10.5,-0.2581932074842752
10522,1985,10.5,-0.26349943874977444
10522,2385,10.5,-0.26704837150461636
10522,2386,10.5,-0.2668505356975124
10522,2820,10.5,-0.26718831533760734
10522,2812,10.5,-0.2663558208028103
10522,2830,10.5,-0.26681479786220597
10522,123245,10.5,-0.26617851930429337
10522,2445,10.5,-0.2665634890002011
10522,2444,10.5,-0.2662013491335189
10522,2840,10.5,-0.2657949496179468
10522,113169,10.5,-0.2656876801947381
10522,103205,10.5,-0.26494504294771226
10522,104884,10.5,-0.257505750205538
10522,111051,10.5,-0.25954355292921405
10522,2767,10.5,-0.26006235126074384
10522,2768,10.5,-0.2604471747306363
10522,3195,10.5,-0.260434625228922
10522,101944,10.5,-0.2599248926053399
10522,3196,10.5,-0.26085873898750567
10522,2788,10.5,-0.2611262866363371
10522,2805,10.5,-0.26105365521718604
10522,123010,10.5,-0.26166423425260166
10522,2797,10.5,-0.2662409977100879
10522,2798,10.5,-0.2657003449078754
10522,3230,10.5,-0.2650065668887076
10522,2804,10.5,-0.2605368593938351
10522,2816,10.5,-0.2610032263375892
10522,2787,10.5,-0.26056878174533127
10522,2393,10.5,-0.2617216020491342
10522,2394,10.5,-0.26254830032456944
10522,3238,10.5,-0.26534175071352206
10522,99871,10.5,-0.266353311642068
10522,2392,10.5,-0.26044300713339186
10522,2408,10.5,-0.2609067196886312
10522,3237,10.5,-0.26579119514940963
10522,3252,10.5,-0.2652650717098295
10522,3264,10.5,-0.26507189282894306
10522,2839,10.5,-0.2653723868343769
10522,101805,10.5,-0.2570392668639254
10522,3157,10.5,-0.2569276059567067
10522,3580,10.5,-0.2572164590600914
10522,3593,10.5,-0.2568268857276461
10522,3172,10.5,-0.2566377908572621
10522,3158,10.5,-0.2566600853701211
10522,2727,10.5,-0.2564104615024516
10522,2726,10.5,-0.2567470548880242
10522,3173,10.5,-0.25630286675555247
10522,3594,10.5,-0.25656186051857377
10522,105786,10.5,-0.256429741753359
10522,3174,0.4765306122448979,-0.1992029295467821
10522,103373,0.05,-0.19946273769863598
10522,2737,10.5,-0.25613870549493356
10522,3582,0.05,0.4543021817284495
10522,3175,0.4765306122448979,0.026976025217874233
10522,3581,0.05,0.41369151774840685
10522,3595,10.5,-0.25630201165864896
10522,100514,0.4765306122448979,-0.015024407520960681
10522,2738,10.5,-0.2558961182806436
10522,3159,0.4765306122448979,0.3316999706403916
10522,3197,10.5,-0.26100908791535704
10522,2778,10.5,-0.2603854597365083
10522,3208,10.5,-0.2608721161905534
10522,3209,10.5,-0.2612634156125917
10522,106769,10.5,-0.2606680234517451
10522,3625,10.5,-0.26295410735255365
10522,3633,10.5,-0.2638324212792784
10522,101047,10.5,-0.26456101404242593
10522,119996,10.5,-0.2649372170108868
10522,115511,10.5,-0.26479806428181063
10522,3245,10.5,-0.2652002630826127
10522,3641,10.5,-0.2642246834256714
10522,3251,10.5,-0.26455501259301095
10522,3650,10.5,-0.26422516083848957
10522,102154,10.5,-0.26447254787764773
10522,3279,10.5,-0.2645248076793647
10522,4019,10.5,-0.2573260259361303
10522,3592,10.5,-0.2569237470537762
10522,4024,0.4765306122448979,-0.16626363406610878
10522,105828,0.4765306122448979,-0.11787378302989415
10522,4025,10.5,-0.25654793212353244
10522,4026,10.5,-0.2563625619347958
10522,4020,0.05,0.28132434003947804
10522,4042,10.5,-0.26074684353917066
10522,112921,10.5,-0.2618942824462964
10522,101759,10.5,-0.26277649775957834
10522,4063,10.5,-0.2619920440186967
10522,3632,10.5,-0.26313873068388416
10522,3640,10.5,-0.2641867654323231
10522,110384,10.5,-0.26347455199105285
10522,4489,0.05,0.10204890900038743
10522,4490,0.05,0.11053982243763028
10522,4491,0.4765306122448979,-0.13723966300978763
10522,4486,0.9030612244897959,-0.2480556071995994
10522,4034,0.9030612244897959,-0.21601964883863212
10522,4503,0.9030612244897959,-0.10310498180145178
10522,102295,10.5,-0.26002528880924203
10522,4513,10.5,-0.2591262246807928
10522,4055,10.5,-0.26106513177846247
10522,4522,10.5,-0.26041543213714746
10522,115709,10.5,-0.2612784398039283
10522,4071,10.5,-0.261956246238491
10522,4070,10.5,-0.262445777581398
10522,4538,10.5,-0.26123890586471177
10522,4529,10.5,-0.2607143518566639
10522,4499,0.26326530612244897,0.06279541840399527
10522,4975,0.4765306122448979,0.0921332852708332
10522,101491,0.26326530612244897,0.07058005479341556
10522,4974,0.4765306122448979,0.05310095769045842
10522,4493,0.9030612244897959,0.14861436206587708
10522,4492,0.6897959183673469,0.25085042227586773
10522,4494,0.9030612244897959,0.016156362734573215
10522,4990,0.9030612244897959,-0.20152231319921943
10522,4981,0.9030612244897959,-0.07828026119926634
10522,5002,10.5,-0.259333867681945
10522,103102,10.5,-0.2598948555635292
10522,5025,10.5,-0.2602269209094956
10522,5014,10.5,-0.25976380941172783
10522,4537,10.5,-0.2616003616969056
10522,5024,10.5,-0.260669651166636
10522,4968,0.05,0.3050148630096259
10522,4979,0.9030612244897959,0.19224519772184778
10522,5506,0.9030612244897959,0.10878311578747213
10522,4969,0.9030612244897959,0.17768906933346307
10522,5516,0.9030612244897959,0.06335555585939123
10522,4980,0.9030612244897959,0.037544792178944464
10522,5517,0.9030612244897959,-0.02019681241393334
10522,4989,0.9030612244897959,-0.1200459876482296
10522,5001,10.5,-0.25831789135944105
10522,5538,1.1163265306122447,-0.24090700108724916
10522,5528,1.1163265306122447,-0.13112833692483528
10522,5009,10.5,-0.2590248865077318
10522,5547,10.5,-0.25814905463839044
10522,5548,10.5,-0.2583753467747014
10522,5559,10.5,-0.2588642892023141
10522,108782,10.5,-0.2594759815287926
10522,5481,0.6897959183673469,0.2459487986884873
10522,4953,0.05,0.3289183370054828
10522,4942,0.05,0.2893340306229688
10522,121163,0.6897959183673469,0.2692149367899487
10522,5507,0.9030612244897959,0.09468522469406893
10522,6039,0.9030612244897959,0.010169280965899863
10522,6051,0.9030612244897959,-0.010228827047082056
10522,4970,0.9030612244897959,0.14779936218320489
10522,6024,1.1163265306122447,-0.05307558665478673
10522,5494,0.9030612244897959,0.07658411715479663
10522,5527,0.9030612244897959,-0.05531095895199889
10522,6062,1.1163265306122447,-0.18569026024368185
10522,6052,1.1163265306122447,-0.14572449646799135
10522,6073,10.5,-0.2563841268426381
10522,6085,10.5,-0.2574471531861975
10522,6037,0.6897959183673469,0.264400428539323
10522,120509,0.6897959183673469,0.22407108131257159
10522,6040,1.1163265306122447,-0.11189132549204062
10522,6616,10.5,-0.25429179788767886
10522,6605,1.3295918367346937,-0.22636226684835936
10522,110755,10.5,-0.2549322667390155
10522,6627,10.5,-0.2553683425469948
10522,6617,10.5,-0.25462397794497327
10522,7225,10.5,-0.25386318691055365
10522,6606,10.5,-0.25364785025014847
10522,7260,10.5,-0.25298938278695826
10522,110803,10.5,-0.2539005840548796
10522,7275,10.5,-0.2547489438075319
10522,112394,0.4765306122448979,-0.19526946214753016
10522,7273,0.05,0.18556082402936935
10522,7292,10.5,-0.25492315053344683
10522,7274,10.5,-0.25400024473328764
10522,2014,10.5,-0.2599629052719523
10522,2026,10.5,-0.25999757952430125
10522,2418,10.5,-0.26066200714806365
10522,3176,0.05,0.34448607551092736
10522,108667,0.4765306122448979,-0.07710022790436133
10522,2739,10.5,-0.2557189040618928
10522,103505,10.5,-0.2683643404996674
10522,105129,10.5,-0.2653948148226144
10522,2725,10.5,-0.25719206929989724
10522,1972,10.5,-0.2590862734207722
10522,110598,10.5,-0.2598019906925506
10522,859,10.5,-0.2681062709276114
10522,871,10.5,-0.26738184068672877
10522,1097,10.5,-0.26744124663752844
10522,2332,10.5,-0.25695665240818566
10522,2331,10.5,-0.2572613652238749
10522,1071,10.5,-0.26475898263196185
10522,105859,10.5,-0.2644085957371691
10522,1084,10.5,-0.26388487221655654
10522,115238,10.5,-0.263901072096423
10522,1083,10.5,-0.2633325858501949
10522,1349,10.5,-0.26201580214461084
10522,2777,10.5,-0.2602168229488524
10522,2754,10.5,-0.25556763639391633
10522,2755,0.4765306122448979,0.03559140583164799
10522,2740,0.05,0.402309553403136
10522,2345,10.5,-0.2575220390807438
10522,4079,10.5,-0.2632034549088267
10522,2377,10.5,-0.2596991661198156
10522,1971,10.5,-0.2589543400854386
10522,117008,0.05,-0.0779615674107863
10522,113657,10.5,-0.25895379980423017
10522,2002,10.5,-0.2616520366086845
10522,881,10.5,-0.26287487496890316
10522,1094,10.5,-0.2627746079764921
10522,894,10.5,-0.2622874681683809
10522,102609,0.05,0.06832274460534615
10522,117747,10.5,-0.26486593642145917
10522,1949,10.5,-0.2584271404123284
10522,1962,10.5,-0.25836191708052936
10522,115341,10.5,-0.2629070480283524
10522,1361,10.5,-0.26166865889713886
10522,1093,10.5,-0.2622495755632037
10522,3639,10.5,-0.26399012032290314
10522,4954,0.9030612244897959,0.145208999869458
10522,4069,10.5,-0.26227313957342924
10522,2379,10.5,-0.26016410305908777
10522,2391,10.5,-0.2601001698374068
10522,2362,10.5,-0.2554998286057446
10522,2756,0.26326530612244897,0.5010975990400802
10522,2363,0.26326530612244897,-0.003426838912041097
10522,2361,10.5,-0.2556265329740852
10522,2347,10.5,-0.2557845239506149
10522,104769,10.5,-0.25596917390962615
10522,2334,10.5,-0.2561961224041671
10522,2333,10.5,-0.2565012536386444
10522,115495,10.5,-0.25993111932367197
10522,2001,10.5,-0.2602146505591585
10522,120988,10.5,-0.25991177287205747
10522,121094,10.5,-0.2596585232470543
10522,1984,10.5,-0.2596786735837284
10522,105582,10.5,-0.2590300106191781
10522,1955,10.5,-0.25535570893271897
10522,1956,10.5,-0.25518422102974947
10522,2364,0.26326530612244897,0.20660973491475254
10522,1954,10.5,-0.25548855142599036
10522,1953,10.5,-0.2555164802723684
10522,2346,10.5,-0.25566014249972513
10522,119470,10.5,-0.25583004149491284
10522,1952,10.5,-0.255548537267553
10522,1942,10.5,-0.2557668568617464
10522,1938,10.5,-0.25697829628278
10522,111670,10.5,-0.25721528180274555
10522,1927,10.5,-0.25624915711542107
10522,1928,10.5,-0.255996955092868
10522,1926,10.5,-0.2565847657682263
10522,1925,10.5,-0.25688097167625545
10522,1663,10.5,-0.25975258468017315
10522,2025,10.5,-0.2593658725542958
10522,2024,10.5,-0.258812742101749
10522,2038,10.5,-0.25878105097568027
10522,2013,10.5,-0.25927375503873984
10522,2039,10.5,-0.25916584422638134
10522,1662,10.5,-0.25829291065944915
10522,1648,10.5,-0.2583662977088579
10522,1636,10.5,-0.2588005435462697
10522,2417,10.5,-0.2595147813949703
10522,99686,10.5,-0.2590813297020471
10522,1961,10.5,-0.25842955996077666
10522,1604,10.5,-0.25794497101025393
10522,1609,10.5,-0.2581827206096581
10522,1580,10.5,-0.25750371793215665
10522,1592,10.5,-0.2576252746160079
10522,1964,10.5,-0.2549338466917421
10522,1963,10.5,-0.2551757986188259
10522,1957,10.5,-0.25493331826556864
10522,1588,10.5,-0.2553226986221928
10522,1587,10.5,-0.25538988225239656
10522,1586,10.5,-0.25542448939842655
10522,1570,10.5,-0.25568546434889505
10522,1593,10.5,-0.2552517516032782
10522,1566,10.5,-0.2574742692436651
10522,109559,10.5,-0.2576055287793939
10522,122887,10.5,-0.25778165857786717
10522,114453,10.5,-0.257860902038606
10522,1941,10.5,-0.2559860558377127
10522,103892,10.5,-0.25588903528273077
10522,1940,10.5,-0.25625683464965143
10522,1939,10.5,-0.2565663033295773
10522,112831,10.5,-0.25619281204905886
10522,1569,10.5,-0.25645964330103066
10522,1568,10.5,-0.25670377529170807
10522,114524,10.5,-0.256955526816945
10522,1567,10.5,-0.25735372534978196
10522,121419,10.5,-0.26392753728368046
10522,1375,10.5,-0.26553276328137065
10522,117023,10.5,-0.2646369311543506
10522,1690,10.5,-0.26374280361504243
10522,117512,10.5,-0.2602160887715721
10522,1676,10.5,-0.2595451691107342
10522,1347,10.5,-0.25772222457324045
10522,1673,10.5,-0.2577149964659815
10522,104556,10.5,-0.2583013200122779
10522,1360,10.5,-0.26111845300331304
10522,1664,10.5,-0.2603331450673494
10522,1340,10.5,-0.25803551586571416
10522,1348,10.5,-0.2575510486495163
10522,1625,10.5,-0.2587241232306332
10522,112460,10.5,-0.25927829700567284
10522,103648,10.5,-0.2580429777967277
10522,1614,10.5,-0.2583469182908975
10522,99082,10.5,-0.2582591120281543
10522,118946,10.5,-0.25724614871645746
10522,1322,10.5,-0.25739812574888155
10522,1304,10.5,-0.2573959126208629
10522,1311,10.5,-0.2573872161168804
10522,1290,10.5,-0.2568546282420088
10522,1293,10.5,-0.2550901221670139
10522,116481,10.5,-0.25518143917867997
10522,103536,10.5,-0.25502981611316056
10522,1291,10.5,-0.25659538132462956
10522,1594,10.5,-0.25518964550264145
10522,1585,10.5,-0.25556904427490057
10522,1284,10.5,-0.2552951093296312
10522,1283,10.5,-0.2553481751361457
10522,1265,10.5,-0.25561252283179137
10522,1581,10.5,-0.2571794729421113
10522,1276,10.5,-0.25633939928434435
10522,1584,10.5,-0.25598430127877614
10522,113095,10.5,-0.25607912602429805
10522,113383,10.5,-0.25641476165105104
10522,1582,10.5,-0.2568065358186815
10522,1583,10.5,-0.2566045536529533
10522,109788,10.5,-0.2569103209060324
10522,109003,10.5,-0.2661697536032799
10522,1118,10.5,-0.26494254575837917
10522,1371,10.5,-0.26118817509417847
10522,116972,10.5,-0.26053661749051393
10522,1359,10.5,-0.25706235081023343
10522,1082,10.5,-0.25711604406231237
10522,109661,10.5,-0.2566541273116898
10522,1369,10.5,-0.2573095771829086
10522,1069,10.5,-0.2573636927484555
10522,1056,10.5,-0.25659094155102546
10522,1053,10.5,-0.2564129112963309
10522,1037,10.5,-0.2566656904641944
10522,1046,10.5,-0.25648422896547407
10522,1292,10.5,-0.25497774097979664
10522,1032,10.5,-0.25474267392381145
10522,1031,10.5,-0.25449963190828284
10522,1030,10.5,-0.2545426818128469
10522,1018,10.5,-0.25499557674211704
10522,1026,10.5,-0.2557209829271805
10522,99368,10.5,-0.255724420019781
10522,1025,10.5,-0.25604079060019913
10522,114055,10.5,-0.2553541749670123
10522,1012,10.5,-0.25504275053964887
10522,1277,10.5,-0.2566125680196205
10522,1013,10.5,-0.2555045476090658
10522,1282,10.5,-0.2556061928742557
10522,115004,10.5,-0.25587899917988954
10522,1108,10.5,-0.26512443620868
10522,1117,10.5,-0.26439208210859033
10522,1385,10.5,-0.2641414652265752
10522,1384,10.5,-0.2636434229736173
10522,109240,10.5,-0.26452612240858
10522,100226,10.5,-0.2638728486128721
10522,887,10.5,-0.26634806927874943
10522,886,10.5,-0.2655804096919514
10522,103241,10.5,-0.2649330428592438
10522,1104,10.5,-0.26182775673617176
10522,841,10.5,-0.2560292904275656
10522,118351,10.5,-0.2566393807634433
10522,830,10.5,-0.2554855608345157
10522,104599,10.5,-0.25599347912510373
10522,105329,10.5,-0.2562642830295412
10522,825,10.5,-0.2554775157122491
10522,811,10.5,-0.25580145373361174
10522,821,10.5,-0.25556365616076326
10522,806,10.5,-0.2542683125682812
10522,1294,10.5,-0.2547420704602883
10522,1038,10.5,-0.25443519076954346
10522,805,10.5,-0.25411382528739024
10522,804,10.5,-0.25403161240866834
10522,1029,10.5,-0.2545414446808292
10522,1017,10.5,-0.2551558227079813
10522,1028,10.5,-0.25494357588452576
10522,104208,10.5,-0.25386290686522495
10522,803,10.5,-0.25421094399030886
10522,1016,10.5,-0.25554848309059675
10522,1281,10.5,-0.2553825175211757
10522,1027,10.5,-0.2547461254365855
10522,796,10.5,-0.2545823630700419
10522,1280,10.5,-0.255195427922023
10522,802,10.5,-0.25390792241677884
10522,801,10.5,-0.2548254381247237
10522,800,10.5,-0.2552494340055571
10522,100739,10.5,-0.2551116428582858
10522,1014,10.5,-0.25592861794502175
10522,1005,10.5,-0.25478155444133743
10522,1004,10.5,-0.25450320753838374
10522,787,10.5,-0.2541910548516211
10522,794,10.5,-0.2543909508407409
10522,789,10.5,-0.2536989428441516
10522,783,10.5,-0.25379523759680134
10522,104481,10.5,-0.25547932946201213
10522,1015,10.5,-0.2546501866390969
10522,788,10.5,-0.25375122508134385
10522,895,10.5,-0.2623966282756809
10522,1114,10.5,-0.26137525867547606
10522,1128,10.5,-0.2615600282310919
10522,870,10.5,-0.2664342503579349
10522,111327,10.5,-0.26557601901688543
10522,882,10.5,-0.26308339479975396
10522,114693,10.5,-0.26724399898080864
10522,679,10.5,-0.2665777708199104
10522,670,10.5,-0.2676809233849897
10522,100228,10.5,-0.2550949483363991
10522,842,10.5,-0.2547690872790831
10522,855,10.5,-0.2556916617432221
10522,826,10.5,-0.25443505182162873
10522,831,10.5,-0.2542791469051757
10522,647,10.5,-0.25343475093286516
10522,652,10.5,-0.25341929072196323
10522,822,10.5,-0.25458458681178
10522,812,10.5,-0.25475980167899337
10522,99127,10.5,-0.25380020121162317
10522,109219,10.5,-0.2545430717181112
10522,639,10.5,-0.25378796080401145
10522,816,10.5,-0.253967203107375
10522,815,10.5,-0.2538159518394434
10522,814,10.5,-0.2536762129026442
10522,813,10.5,-0.25358701183002785
10522,107455,10.5,-0.2534491070812821
10522,122491,10.5,-0.253680307296662
10522,631,10.5,-0.253068434296404
10522,630,10.5,-0.25312518519103455
10522,629,10.5,-0.2536494694678981
10522,634,10.5,-0.25409585764890497
10522,795,10.5,-0.25420915812045397
10522,114013,10.5,-0.25524147469366265
10522,790,10.5,-0.2535810375488352
10522,105210,10.5,-0.2546816756400294
10522,624,10.5,-0.25303263687812705
10522,123116,10.5,-0.2539640595413646
10522,628,10.5,-0.25367288614031835
10522,623,10.5,-0.2523861463783985
10522,117683,10.5,-0.2527249391182802
10522,622,10.5,-0.25302404862924943
10522,615,10.5,-0.25341972395223133
10522,621,10.5,-0.253221034403214
10522,620,10.5,-0.2536177862879907
10522,883,10.5,-0.2634700050715604
10522,686,10.5,-0.26450622152349546
10522,122955,10.5,-0.2663671443661111
10522,688,10.5,-0.2658076897400552
10522,669,10.5,-0.26714631664172006
10522,677,10.5,-0.2654224671930656
10522,668,10.5,-0.2669385286975794
10522,678,10.5,-0.2661519583376535
10522,113891,10.5,-0.2663260170232613
10522,653,10.5,-0.25252586016516454
10522,117813,10.5,-0.25258222325184243
10522,656,10.5,-0.25319816628205905
10522,103653,10.5,-0.2529631129700767
10522,648,10.5,-0.2523865257794746
10522,635,10.5,-0.2532619374039935
10522,640,10.5,-0.25278118818541406
10522,115384,10.5,-0.25331058650350236
10522,488,10.5,-0.25291408954227634
10522,494,10.5,-0.25231380262405745
10522,490,10.5,-0.2522098530478427
10522,496,10.5,-0.252581032708318
10522,491,10.5,-0.25217690231848233
10522,105761,10.5,-0.25273963067733907
10522,108543,10.5,-0.25193877911162565
10522,485,10.5,-0.251580950274493
10522,121989,10.5,-0.2520533811303929
10522,483,10.5,-0.2524627501983725
10522,484,10.5,-0.25222151858693054
10522,378,10.5,-0.25187034715045664
10522,377,10.5,-0.2516727361853701
10522,641,10.5,-0.2531902712115679
10522,497,10.5,-0.2525763551454261
10522,489,10.5,-0.2518967848133169
10522,495,10.5,-0.2512742922925324
10522,107282,10.5,-0.2518979600738751
10522,122668,10.5,-0.2515652526004504
10522,363,10.5,-0.25125684431961637
10522,360,10.5,-0.25164870052969324
10522,367,10.5,-0.2510264649927285
10522,362,1.5428571428571427,-0.2468437290088099
10522,361,1.5428571428571427,-0.24984598619262588
10522,100916,10.5,-0.251538818477437
10522,370,10.5,-0.25107790592491797
10522,114200,10.5,-0.25144277832335504
10522,379,10.5,-0.25197866843797234
10522,369,1.5428571428571427,-0.24563133530688086
10522,224,1.7561224489795917,-0.25019544058221754
10522,223,1.3295918367346937,-0.2281482952930014
10522,118540,10.5,-0.25096269173986396
10522,214,1.5428571428571427,-0.2358542757397295
10522,222,1.3295918367346937,-0.21839246888498587
10522,111286,10.5,-0.2508757713564158
10522,368,10.5,-0.2502589412898435
10522,375,10.5,-0.2505467312301197
10522,213,1.5428571428571427,-0.234534537925696
10522,212,1.5428571428571427,-0.24480197832573358
10522,91,1.3295918367346937,-0.21434784848378863
10522,92,10.5,-0.25032482299947767
10522,113616,1.3295918367346937,-0.2063344364693518
10522,90,1.3295918367346937,-0.2024670984891077
10522,221,1.5428571428571427,-0.22267939152391003
10522,89,1.3295918367346937,-0.20746390791748248
10522,220,1.5428571428571427,-0.23366174996282774
10522,88,1.7561224489795917,-0.24079916946963986
10522,108912,10.5,-0.24957386547864324
10522,106068,1.3295918367346937,-0.19465415717037327
10522,81,1.3295918367346937,-0.19349813996230836
10522,104268,1.3295918367346937,-0.21571096748925234
10522,80,1.3295918367346937,-0.1875893528218584
10522,24,0.9030612244897959,-0.15583780304981398
10522,29,0.9030612244897959,-0.17393722380708398
10522,97,10.5,-0.24903179292256983
10522,33,0.4765306122448979,-0.13121407342915803
10522,28,0.6897959183673469,-0.09524147307207742
10522,25,1.1163265306122447,-0.17491156190155
10522,103622,1.1163265306122447,-0.161333138951945
10522,32,0.4765306122448979,0.040206279282951396
10522,104577,0.4765306122448979,0.011938299988615397
10522,37,0.4765306122448979,-0.13707347075265264
10522,106423,0.4765306122448979,0.08655245146517254
10522,31,0.4765306122448979,0.11050663055356014
10522,27,0.26326530612244897,0.15844031149906446
10522,106403,0.4765306122448979,0.12897827190567268
10522,35,0.05,0.11297277677587103
10522,36,0.05,0.09037395923678315
10522,30,0.4765306122448979,0.04261337345702276
10522,111889,0.6897959183673469,0.05056466001042348
10522,96,0.6897959183673469,-0.03644618265516786
10522,34,0.4765306122448979,-0.06014020117383123
10522,23,0.6897959183673469,-0.04590926749431978
10522,22,0.4765306122448979,0.18086973399680428
10522,26,0.6897959183673469,0.12529899610731787
10522,16,0.4765306122448979,-0.06619240005616733
10522,109365,0.4765306122448979,0.062202119023009206
10522,118578,0.26326530612244897,0.17949196442759985
10522,100,0.6897959183673469,-0.15968244579396917
10522,115972,0.6897959183673469,-0.21381530406214422
10522,38,0.4765306122448979,-0.16437772644260384
10522,39,0.4765306122448979,-0.20260822934393907
10522,101,0.05,-0.14419890190776963
10522,40,10.5,-0.24847083109086276
10522,102,10.5,-0.24897464359137822
10522,41,7.087755102040815,-0.24781178089020894
10522,105,5.8081632653061215,-0.24701749883405144
10522,42,10.5,-0.2483391298832165
10522,106,10.5,-0.2488863312919527
10522,111,10.5,-0.24875766839186175
10522,116884,10.073469387755102,-0.24820699038596672
10522,109,6.447959183673468,-0.24718844166545706
10522,115,8.15408163265306,-0.24786027391173326
10522,110,10.5,-0.2485982215655571
10522,238,10.5,-0.24940331483064027
10522,119877,10.5,-0.2495598377452024
10522,107,10.5,-0.24933282928821243
10522,107782,5.1683673469387745,-0.2462827531570837
10522,104,5.5948979591836725,-0.2465502126087009
10522,112,10.5,-0.24926945646592946
10522,245,10.5,-0.2496990157823793
10522,107316,10.5,-0.2497168873289206
10522,108,6.2346938775510194,-0.24665716504903235
10522,117882,7.087755102040815,-0.2473400698838164
10522,117,10.5,-0.24901865640008625
10522,113849,10.5,-0.24902662444287404
10522,116,10.5,-0.24863296809489577
10522,101409,10.5,-0.2483098599062905
10522,118,10.5,-0.24948609647541753
10522,250,10.5,-0.24971637263143576
10522,98746,7.940816326530611,-0.24769028423081663
10522,121,10.5,-0.24820831316207426
10522,122,10.5,-0.24863864090883103
10522,123,10.5,-0.24902367726473917
10522,124,10.5,-0.2494352041488832
10522,397,10.5,-0.2500390183719874
10522,101710,10.5,-0.24995582965755103
10522,110801,9.646938775510204,-0.24798199494195972
10522,112284,10.5,-0.24832860876183482
10522,127,10.5,-0.2486869095847999
10522,128,10.5,-0.24906311428250327
10522,99561,10.5,-0.24937271921770487
10522,263,10.5,-0.24972873247268956
10522,126,10.5,-0.24821029930626648
10522,117490,10.5,-0.24872579432808783
10522,104453,10.5,-0.249120570228617
10522,129,10.5,-0.24956437838028878
10522,270,10.5,-0.250092991631766
10522,131,10.5,-0.24957841719749396
10522,277,10.5,-0.25008860373849884
10522,134,10.5,-0.24951700281002132
10522,116489,10.5,-0.24995717594527966
10522,115205,10.5,-0.24923097373515946
10522,130,10.5,-0.24914443553053234
10522,104243,10.5,-0.24941145959097843
10522,102521,10.5,-0.24983177336821605
10522,385,10.5,-0.2499497231483685
10522,394,10.5,-0.25010182690259297
10522,391,10.5,-0.2501907068479745
10522,401,10.5,-0.25016967698640724
10522,407,10.5,-0.2504530327805494
10522,404,10.5,-0.2506564739655508
10522,410,10.5,-0.25051318927762267
10522,100964,10.5,-0.25066496493543733
10522,376,10.5,-0.25001648123943454
10522,384,10.5,-0.2504981179867971
10522,503,10.5,-0.2525651969444975
10522,106980,10.5,-0.25157061887139376
10522,386,10.5,-0.25207595245001
10522,118163,10.5,-0.2505148480462174
10522,502,10.5,-0.25123156099274824
10522,380,10.5,-0.25171673034024145
10522,387,10.5,-0.252202403564318
10522,504,10.5,-0.2525264731572747
10522,388,10.5,-0.2521984627382752
10522,381,10.5,-0.25182266081973403
10522,505,10.5,-0.25271571338774645
10522,492,10.5,-0.25189693740465513
10522,498,10.5,-0.2524194351700677
10522,390,10.5,-0.2505239340739105
10522,510,10.5,-0.2509457444377421
10522,393,10.5,-0.2505276075868106
10522,396,10.5,-0.2505143595520347
10522,400,10.5,-0.25057433413735364
10522,523,10.5,-0.2515071257266699
10522,519,10.5,-0.25126768854936765
10522,406,10.5,-0.2509988400238752
10522,526,10.5,-0.2518410534019062
10522,530,10.5,-0.25130827666262223
10522,100752,10.5,-0.2502603540468811
10522,290,10.5,-0.2508202754699993
10522,101045,10.5,-0.25112435495770824
10522,119190,10.5,-0.2509854585191442
10522,373,10.5,-0.2515491966581809
10522,372,10.5,-0.25153312241312853
10522,120412,10.5,-0.2521046652901888
10522,113360,10.5,-0.2531746254204583
10522,506,10.5,-0.2530713975485819
10522,499,10.5,-0.2527842989258213
10522,636,10.5,-0.25292573495602766
10522,644,10.5,-0.25348023646245754
10522,509,10.5,-0.25164061184026787
10522,501,10.5,-0.2521360563199573
10522,642,10.5,-0.25300885506534065
10522,117497,10.5,-0.25319118061269585
10522,643,10.5,-0.2535221315756806
10522,512,10.5,-0.2517001880059686
10522,513,10.5,-0.25108202552778436
10522,101957,10.5,-0.25182942865983726
10522,106771,10.5,-0.2511577855020768
10522,516,10.5,-0.2511879296603514
10522,518,10.5,-0.2521232163817646
10522,98913,10.5,-0.25187613404711184
10522,522,10.5,-0.2524301309806405
10522,674,10.5,-0.2528038935583867
10522,529,10.5,-0.2522440373864716
10522,684,10.5,-0.25332508839376966
10522,532,10.5,-0.25303988350250295
10522,533,10.5,-0.25228523840219985
10522,409,10.5,-0.2515457246542909
10522,695,10.5,-0.25389787892645566
10522,537,10.5,-0.2529761149305525
10522,700,10.5,-0.25375822634295186
10522,534,10.5,-0.2517686491136024
10522,538,10.5,-0.25256869492019396
10522,539,10.5,-0.252041158018262
10522,411,10.5,-0.25141359720389134
10522,701,10.5,-0.25333732246601426
10522,709,10.5,-0.25337137077402705
10522,543,10.5,-0.2526329471832327
10522,414,10.5,-0.25175500375584314
10522,540,10.5,-0.2523302034142798
10522,417,10.5,-0.252062371639564
10522,544,10.5,-0.25262623836477327
10522,553,10.5,-0.2529775182739873
10522,423,10.5,-0.25230355908059265
10522,122309,10.5,-0.2532862909652054
10522,99177,10.5,-0.25288025694027394
10522,719,10.5,-0.2537800284649856
10522,797,10.5,-0.253033543969964
10522,632,10.5,-0.25223272572174515
10522,807,10.5,-0.2535561304847316
10522,120652,10.5,-0.2534913716492575
10522,102763,10.5,-0.25342626941351587
10522,817,10.5,-0.25410148411033506
10522,659,10.5,-0.25282339739996607
10522,658,10.5,-0.2539782386256717
10522,515,10.5,-0.25206277644965436
10522,103395,10.5,-0.25373543284724764
10522,667,10.5,-0.2530929937731963
10522,666,10.5,-0.25403525027071927
10522,102589,10.5,-0.25342368693340855
10522,673,10.5,-0.2538446762992339
10522,687,10.5,-0.265209926606194
10522,683,10.5,-0.25427642274139184
10522,884,10.5,-0.2643717348839081
10522,119290,10.5,-0.2652006905403095
10522,694,10.5,-0.2547034538845745
10522,699,10.5,-0.2544463209452703
10522,901,10.5,-0.2546696552805159
10522,900,10.5,-0.2552293513760655
10522,708,10.5,-0.25409146285987827
10522,911,10.5,-0.25497885713343926
10522,718,10.5,-0.25448403667322217
10522,917,10.5,-0.2546820535525498
10522,106343,10.5,-0.2552865176035408
10522,916,10.5,-0.25530209214601096
10522,720,10.5,-0.25398594625836735
10522,108689,10.5,-0.2535413322753448
10522,722,10.5,-0.2545378575044748
10522,120187,10.5,-0.2540414915443454
10522,923,10.5,-0.25494190849868814
10522,922,10.5,-0.2552233890406028
10522,723,10.5,-0.25434749389413236
10522,928,10.5,-0.25467587515288037
10522,726,10.5,-0.2541191512939345
10522,107776,10.5,-0.2538097110511992
10522,113828,10.5,-0.25433877328999843
10522,732,10.5,-0.25381947658241266
10522,560,10.5,-0.25355741339121507
10522,436,10.5,-0.25321246782931484
10522,109470,10.5,-0.2533767950648316
10522,106177,10.5,-0.2542003131581294
10522,731,10.5,-0.2536679481466082
10522,808,10.5,-0.25359916061622156
10522,1019,10.5,-0.25308909797227286
10522,625,10.5,-0.25256405130036774
10522,818,10.5,-0.25397464992562724
10522,1020,10.5,-0.2535409076200943
10522,1040,10.5,-0.2540725662237262
10522,1039,10.5,-0.25435956924144576
10522,1305,10.5,-0.25447376817144685
10522,856,10.5,-0.2548804298468412
10522,1092,10.5,-0.2562878849572201
10522,867,10.5,-0.25537515319890103
10522,868,10.5,-0.25441513459309095
10522,104157,10.5,-0.25493616206309366
10522,114307,10.5,-0.2559174678137206
10522,896,10.5,-0.2625975990726197
10522,1106,10.5,-0.26306670901426044
10522,897,10.5,-0.26270706671739275
10522,885,10.5,-0.2647610272657692
10522,1107,10.5,-0.2637696714794584
10522,105885,10.5,-0.2641150702277164
10522,1115,10.5,-0.26198152656440543
10522,1116,10.5,-0.26191445271378777
10522,1105,10.5,-0.26216574831540385
10522,910,10.5,-0.2555283939155901
10522,1127,10.5,-0.25604343293505893
10522,1126,10.5,-0.2559137850067219
10522,893,10.5,-0.25536215396737916
10522,116175,10.5,-0.2557834845416891
10522,1137,10.5,-0.25637074135779425
10522,1141,10.5,-0.25593056202226294
10522,921,10.5,-0.2554458894361882
10522,1147,10.5,-0.25602992509045275
10522,1146,10.5,-0.25601309106567993
10522,1148,10.5,-0.25558633529557273
10522,1155,10.5,-0.2552588570439889
10522,1162,10.5,-0.2549760061227242
10522,932,10.5,-0.25463879298279424
10522,931,10.5,-0.25449537489956553
10522,113460,10.5,-0.25483550387617027
10522,1278,10.5,-0.2562173917301185
10522,121553,10.5,-0.25641714180069775
10522,111387,10.5,-0.2554498203850917
10522,109295,10.5,-0.2529517236313026
10522,791,10.5,-0.25250175073047565
10522,1033,10.5,-0.2539430135055587
10522,1021,10.5,-0.2535652670533426
10522,1008,10.5,-0.2531835660802013
10522,1009,10.5,-0.2535720807683346
10522,114761,10.5,-0.2532936011512015
10522,1022,10.5,-0.2538109384580538
10522,1285,10.5,-0.253823632995797
10522,1297,10.5,-0.2542424349547976
10522,1298,10.5,-0.25405208607486296
10522,1041,10.5,-0.25427964032154193
10522,1306,10.5,-0.25468995889044166
10522,1307,10.5,-0.2545036241957854
10522,1296,10.5,-0.25462410666427004
10522,1103,10.5,-0.2567621505584423
10522,112556,10.5,-0.25629148096409415
10522,109186,10.5,-0.25695901463047766
10522,1370,10.5,-0.2573744501153552
10522,114960,10.5,-0.2612505246254544
10522,1372,10.5,-0.2614197905495652
10522,1373,10.5,-0.2620611843731786
10522,1383,10.5,-0.26135129385185696
10522,1095,10.5,-0.26251863962991506
10522,1096,10.5,-0.2631092231181271
10522,1382,10.5,-0.2606162315158209
10522,1396,10.5,-0.2606615391080007
10522,1129,10.5,-0.2613305674059483
10522,1398,10.5,-0.2610168489301994
10522,892,10.5,-0.25581710236181765
10522,116786,10.5,-0.2564438085147793
10522,1113,10.5,-0.25652145249421543
10522,1395,10.5,-0.2566702241691525
10522,1397,10.5,-0.2606723486859135
10522,119576,10.5,-0.2606291651267427
10522,1404,10.5,-0.2569408880883328
10522,1408,10.5,-0.25697288992901135
10522,1140,10.5,-0.25649994094755413
10522,1145,10.5,-0.25661631047789935
10522,1409,10.5,-0.2570742019915624
10522,1419,10.5,-0.25669453285224475
10522,1410,10.5,-0.25720408019943797
10522,1420,10.5,-0.25682284360611396
10522,106315,10.5,-0.25617934003832166
10522,1429,10.5,-0.25594794954030964
10522,1434,10.5,-0.25544729391954357
10522,1161,10.5,-0.2550703851123224
10522,1279,10.5,-0.2560862462755027
10522,104889,10.5,-0.2558945889399127
10522,1571,10.5,-0.2539775764956642
10522,1269,10.5,-0.25360045125712727
10522,1589,10.5,-0.2541902490746084
10522,102036,10.5,-0.2550038295781716
10522,1295,10.5,-0.2548619710846689
10522,1595,10.5,-0.25494578494363895
10522,1596,10.5,-0.2546517181203036
10522,1597,10.5,-0.25437924608797324
10522,107736,10.5,-0.2574967756769113
10522,1674,10.5,-0.25792412512997753
10522,1381,10.5,-0.2603287729938053
10522,1687,10.5,-0.2607145198117562
10522,1679,10.5,-0.2607169695269722
10522,103181,10.5,-0.2613100237824717
10522,1362,10.5,-0.2616755132956168
10522,1685,10.5,-0.2596847792517978
10522,1686,10.5,-0.25974252900777817
10522,1703,10.5,-0.2599536782984502
10522,114651,10.5,-0.2606686140389438
10522,1374,10.5,-0.26281002545361143
10522,1688,10.5,-0.26288360092274354
10522,1689,10.5,-0.26324201620516297
10522,1394,10.5,-0.2569283464646279
10522,1700,10.5,-0.257179676017089
10522,107838,10.5,-0.25976052779178294
10522,113497,10.5,-0.2599274869676622
10522,1704,10.5,-0.2601305304872019
10522,1707,10.5,-0.2573945346864759
10522,1721,10.5,-0.2574016616911765
10522,1722,10.5,-0.2575151096726471
10522,118703,10.5,-0.2572470921618297
10522,1723,10.5,-0.25775297657236385
10522,1732,10.5,-0.2572086438892969
10522,1731,10.5,-0.25752309249165606
10522,1421,10.5,-0.25652266613120367
10522,1736,10.5,-0.25666816089664124
10522,99396,10.5,-0.2560196286522516
10522,1433,10.5,-0.2554698828586235
10522,110355,10.5,-0.25450411347504076
10522,98342,0.05,-0.1102923805747118
10522,1965,10.5,-0.25470963388690104
10522,1677,10.5,-0.2596696273382866
10522,1675,10.5,-0.2580019320058069
10522,2047,10.5,-0.2585596419869223
10522,1682,10.5,-0.25748607987259997
10522,1683,10.5,-0.258002986305399
10522,2056,10.5,-0.2584941415951443
10522,2048,10.5,-0.25894036270460563
10522,2057,10.5,-0.25900668952734285
10522,115142,10.5,-0.2591504203999324
10522,1666,10.5,-0.2608058864464182
10522,1678,10.5,-0.260442864992126
10522,2050,10.5,-0.2602837561369431
10522,2059,10.5,-0.2601217225582757
10522,122129,10.5,-0.25758748101348816
10522,1380,10.5,-0.2571160209760539
10522,1684,10.5,-0.25853379087860917
10522,1701,10.5,-0.2579108496714613
10522,103926,10.5,-0.25903170304498313
10522,1702,10.5,-0.2583665223011522
10522,98174,10.5,-0.25916846000201854
10522,1705,10.5,-0.26008790861277453
10522,1708,10.5,-0.2577296567356573
10522,1709,10.5,-0.2579294597310309
10522,116437,10.5,-0.25852997613784745
10522,1712,10.5,-0.2593617633648013
10522,2071,10.5,-0.25946204927341077
10522,2072,10.5,-0.25954373260000496
10522,119693,10.5,-0.2576240261512517
10522,2085,10.5,-0.2582724407068857
10522,2088,10.5,-0.2589077825839441
10522,1711,10.5,-0.25918083942252124
10522,2087,10.5,-0.25876825454271146
10522,1724,10.5,-0.25804427087089654
10522,2104,10.5,-0.2577596074589623
10522,2086,10.5,-0.25856665535303724
10522,2097,10.5,-0.25822425309032004
10522,1733,10.5,-0.25727996612819704
10522,2105,10.5,-0.25778385056854725
10522,2106,10.5,-0.2577346879979394
10522,101738,10.5,-0.25699001255523846
10522,2114,10.5,-0.25733542313766966
10522,1745,10.5,-0.256557879525795
10522,1744,10.5,-0.2559148031498608
10522,2125,10.5,-0.25675765120423777
10522,2113,10.5,-0.2569932895059499
10522,107010,10.5,-0.2563487505506097
10522,99934,0.4765306122448979,-0.04227986673342099
10522,2058,10.5,-0.25997282455901316
10522,2049,10.5,-0.26007840044507446
10522,2461,10.5,-0.25964328983168405
10522,2462,10.5,-0.25958220955409206
10522,2089,10.5,-0.25904993037752644
10522,2468,10.5,-0.2591743173573329
10522,1710,10.5,-0.2588915988774756
10522,2098,10.5,-0.2583155507627748
10522,2099,10.5,-0.2585936272685099
10522,2479,10.5,-0.2587812702416825
10522,104074,10.5,-0.25812670231882184
10522,2488,10.5,-0.2583681350454403
10522,2107,10.5,-0.25771869443954576
10522,119402,10.5,-0.2576085773525951
10522,2500,10.5,-0.2579530637205787
10522,2126,10.5,-0.25710288388883096
10522,2508,10.5,-0.2573293711450877
10522,2518,10.5,-0.2565962782986475
10522,98500,10.5,-0.2569672295783425
10522,2467,10.5,-0.25926665431088236
10522,2883,10.5,-0.25893302635333804
10522,103727,10.5,-0.25926077355162946
10522,99677,10.5,-0.2589941037886303
10522,2901,10.5,-0.2586257535492975
10522,2923,10.5,-0.25807424073390206
10522,2912,10.5,-0.25828624221239127
10522,2499,10.5,-0.2577477243086379
10522,2507,10.5,-0.25705729469831207
10522,2928,10.5,-0.2574951417301121
10522,2124,10.5,-0.2561067353885127
10522,2517,10.5,-0.2562518189377758
10522,2506,10.5,-0.256712736312938
10522,116575,10.5,-0.25876969467255195
10522,114034,10.5,-0.25851168692278037
10522,2911,10.5,-0.2581400295406948
10522,2922,10.5,-0.257925331461095
10522,2921,10.5,-0.2576772100992488
10522,2927,10.5,-0.2571985899878235
10522,114,6.874489795918366,-0.2471153831938775
10522,120,7.940816326530611,-0.24749040355976115
10522,428,10.5,-0.2527172314298636
10522,556,10.5,-0.2532531551216779
10522,98223,10.5,-0.25244610668609946
10522,2900,10.5,-0.2587221459175202
10522,2882,0.05,-0.10568313680963137
10522,1364,10.5,-0.2629110129124872
10522,137,10.5,-0.24997672641499702
10522,138,10.5,-0.2505681455723221
10522,1350,10.5,-0.2611506095904381
10522,880,10.5,-0.2551242707377497
10522,879,10.5,-0.25562343501987095
10522,133,10.5,-0.24891978942728565
10522,116849,10.5,-0.24913153422941892
10522,110460,10.5,-0.2495248471708713
10522,730,10.5,-0.2539840340946615
10522,233,10.5,-0.2512300996891894
10522,122139,10.5,-0.2559895559449197
10522,1007,10.5,-0.25250277161715773
10522,136,10.5,-0.24916266524392516
10522,109048,10.5,-0.24956699541980698
10522,101151,10.5,-0.24996555075761684
10522,109281,9.007142857142856,-0.24782391381452307
10522,105007,10.5,-0.25475300060807227
10522,101318,0.26326530612244897,-0.24418807605654713
10522,1268,10.5,-0.2531709509648399
10522,1267,10.5,-0.25264200884320775
10522,132,10.5,-0.24868885187913725
10522,108191,10.5,-0.24823279405232324
10522,116490,10.5,-0.2485351263351192
10522,225,10.5,-0.2507747602433903
10522,365,10.5,-0.2515666574896156
10522,1743,10.5,-0.25574909188055606
10522,103519,10.5,-0.248241485109705
10522,262,7.940816326530611,-0.2474131815070253
10522,125,9.433673469387754,-0.24785612661349177
10522,112106,10.5,-0.2492728693717492
10522,143,10.5,-0.24963715696873234
10522,144,10.5,-0.2500578423688784
10522,276,10.28673469387755,-0.2479367085203581
10522,1166,10.5,-0.25451048020783307
10522,1160,10.5,-0.2549871684679321
10522,937,10.5,-0.25425462156276035
10522,283,10.5,-0.2482970039825052
10522,110099,10.5,-0.24802675700417054
10522,115404,0.26326530612244897,-0.1211573956539993
10522,2899,0.05,-0.08762321214871283
10522,2910,10.5,-0.2579304901460622
10522,145,10.5,-0.25040557614160996
10522,121441,10.5,-0.25036140519249983
10522,313,10.5,-0.25203847642859967
10522,320,10.5,-0.25228025732377346
10522,2926,10.5,-0.2569294303781615
10522,2920,10.5,-0.25740967650674684
10522,122657,10.5,-0.2565511157475848
10522,2498,10.5,-0.2566758138039691
10522,2919,10.5,-0.2571534657394219
10522,2909,10.5,-0.2576269905087629
10522,2497,10.5,-0.25684427618436434
10522,2918,10.5,-0.2573109865668941
10522,2487,10.5,-0.25701249287411376
10522,2908,0.05,-0.04626630629948969
10522,122212,0.05,-0.14268545427157542
10522,2898,0.05,-0.08211099083945439
10522,2123,10.5,-0.25580341121207884
10522,2516,10.5,-0.2558633344838166
10522,2505,10.5,-0.2562392155695268
10522,2122,10.5,-0.25549724631728643
10522,2515,10.5,-0.2555754634508378
10522,115014,10.5,-0.25593373343890247
10522,104326,10.5,-0.25531019301203695
10522,99797,10.5,-0.25530517503959027
10522,2112,10.5,-0.2556537631361926
10522,111505,10.5,-0.25636942554958386
10522,100939,10.5,-0.25655350564929047
10522,2486,10.5,-0.2567529288537105
10522,2907,0.05,0.05218261808302016
10522,1750,10.5,-0.25535701250614773
10522,2132,10.5,-0.25514773687939973
10522,1749,10.5,-0.25491882710696356
10522,1432,10.5,-0.25528357434514715
10522,2131,10.5,-0.2547816235762659
10522,1441,10.5,-0.25482896626386964
10522,106205,10.5,-0.25460688737752313
10522,119958,10.5,-0.2546437126375798
10522,1363,10.5,-0.2622369528567565
10522,1667,10.5,-0.2619678196206541
10522,122168,10.5,-0.2623482790975118
10522,1654,10.5,-0.26144683075231545
10522,1352,10.5,-0.2618124001957456
10522,1351,10.5,-0.26142866593778824
10522,1260,10.5,-0.2524846403062635
10522,1259,10.5,-0.2520124711056686
10522,1266,10.5,-0.25194620970445114
10522,1006,10.5,-0.2519717702680502
10522,785,10.5,-0.252031436149446
10522,116423,10.5,-0.25199504022516095
10522,486,10.5,-0.25148729101633793
10522,432,10.5,-0.2530043879616446
10522,431,10.5,-0.25276547663129345
10522,121313,10.5,-0.25290703278437054
10522,564,10.5,-0.2529996734831579
10522,427,10.5,-0.2525203167939427
10522,322,10.5,-0.25230913855659765
10522,324,10.5,-0.25266540630058887
10522,319,10.5,-0.2520731926826383
10522,303,10.5,-0.25179378986520295
10522,298,10.5,-0.2516059688452956
10522,297,10.5,-0.25116798138553476
10522,371,10.5,-0.25144543457710644
10522,98350,10.5,-0.2519064266936415
10522,311,10.5,-0.25162136584716444
10522,318,10.5,-0.25179557536097263
10522,312,10.5,-0.2515447742809147
10522,160,10.5,-0.2510632976474947
10522,159,10.5,-0.2511421295468006
10522,302,10.5,-0.25124741422743213
10522,161,10.5,-0.2512442567691491
10522,146,10.5,-0.25083344387709894
10522,153,10.5,-0.2507501796386631
10522,269,8.580612244897958,-0.2475883734188875
10522,275,9.433673469387754,-0.2477537115784798
10522,118000,7.727551020408162,-0.24719718761891762
10522,268,8.15408163265306,-0.24733358355452517
10522,119,7.087755102040815,-0.2469719249544038
10522,261,7.087755102040815,-0.2468819084164735
10522,99153,7.301020408163264,-0.24684335710877447
10522,101462,6.447959183673468,-0.24649452210807477
10522,103748,6.661224489795917,-0.24643797908921772
10522,226,10.5,-0.2510449488238742
10522,108882,10.5,-0.25061727167128045
10522,158,10.5,-0.25079126835202636
10522,152,10.5,-0.2502806851439292
10522,115596,10.5,-0.24895983810447753
10522,135,10.5,-0.2486344677467338
10522,113,6.447959183673468,-0.24654842308518976
10522,100368,10.5,-0.2550065987211023
10522,2496,10.5,-0.25608040377574537
10522,99048,10.5,-0.25627713397681084
10522,142,10.5,-0.24908342179062526
10522,6002,0.6897959183673469,0.2505557599271675
10522,6003,0.05,0.1854529055464742
10522,5990,0.4765306122448979,0.20174755576092318
10522,6563,0.6897959183673469,0.2785582665151052
10522,6562,0.6897959183673469,0.35046703590426165
10522,5467,0.9030612244897959,0.18226850635055813
10522,6001,0.6897959183673469,0.33794887627407877
10522,6014,0.6897959183673469,0.29330715157690124
10522,5468,0.9030612244897959,0.10408486458969057
10522,6004,1.1163265306122447,0.03552436751718546
10522,5991,0.4765306122448979,0.1267827510643249
10522,5992,1.1163265306122447,-0.03482790166618144
10522,100873,1.1163265306122447,-0.08448469634885614
10522,106837,1.1163265306122447,0.00745981460201639
10522,6013,0.6897959183673469,0.3577295342440884
10522,6548,0.05,0.41782292326200876
10522,6561,0.6897959183673469,0.3639078137606969
10522,6575,0.9030612244897959,0.33709209799152917
10522,6549,0.4765306122448979,0.2613858596683628
10522,6589,0.9030612244897959,0.30705216231796806
10522,6588,0.9030612244897959,0.2760100513605306
10522,118665,0.9030612244897959,0.32641257843074756
10522,121455,0.9030612244897959,0.2592357206276621
10522,6564,1.3295918367346937,-0.15700848169927828
10522,6015,1.1163265306122447,-0.15155325407563147
10522,6576,1.3295918367346937,-0.2176581519609424
10522,5482,0.9030612244897959,0.09899657690965713
10522,105069,1.1163265306122447,-0.024829181347260088
10522,98689,0.9030612244897959,0.18917404888097822
10522,6590,1.1163265306122447,-0.19093341912717032
10522,115526,10.5,-0.25279177378234596
10522,6591,10.5,-0.25332515133365563
10522,115262,10.5,-0.25227346512951465
10522,105269,10.5,-0.2516883238395393
10522,111021,1.3295918367346937,-0.2159811533213558
10522,6551,1.3295918367346937,-0.11712923913365514
10522,7180,0.6897959183673469,0.38689657796817967
10522,7179,0.9030612244897959,0.35364474873093754
10522,6550,0.4765306122448979,0.041962016145549064
10522,6542,1.3295918367346937,-0.07331603051152924
10522,7165,1.5428571428571427,-0.21622390579027106
10522,7155,1.3295918367346937,-0.14895809814278738
10522,6541,0.26326530612244897,0.15811056315668404
10522,108735,0.4765306122448979,0.3711128135003867
10522,7163,0.4765306122448979,0.41881030671151753
10522,7154,1.3295918367346937,-0.11976846701031696
10522,7153,1.3295918367346937,-0.05103889376917725
10522,7164,0.4765306122448979,0.3662024996028096
10522,123111,0.05,0.20463701815106083
10522,101911,0.6897959183673469,0.13447091545181544
10522,7142,1.3295918367346937,-0.14403592480623306
10522,7143,1.5428571428571427,-0.17262603559345702
10522,7806,1.5428571428571427,-0.21140611163916279
10522,7822,10.5,-0.25062017939108894
10522,7181,10.5,-0.2512252771934651
10522,7197,10.5,-0.25194045191781456
10522,7835,10.5,-0.251371585509347
10522,101421,10.5,-0.24982310833066035
10522,7792,1.5428571428571427,-0.20124346703024987
10522,8493,10.5,-0.2511403340256746
10522,8481,10.5,-0.25038479978496975
10522,7836,10.5,-0.2517719974463326
10522,122741,10.5,-0.25012096331665346
10522,8466,10.5,-0.24970789341475919
10522,9116,10.5,-0.2509517704494264
10522,110304,10.5,-0.25035824322489697
10522,9129,10.5,-0.25160468700727456
10522,109030,10.5,-0.2508236941771409
10522,9128,10.5,-0.2513048067709207
10522,8451,10.5,-0.249369709456168
10522,9775,10.5,-0.25097373167735304
10522,9764,10.5,-0.250431306845061
10522,9755,10.5,-0.25008712858918947
10522,9107,10.5,-0.24973832451064726
10522,9763,10.5,-0.2502100609162472
10522,10431,10.5,-0.2504447289282037
10522,9754,10.5,-0.24994629170460425
10522,10430,10.5,-0.25018396902109785
10522,9096,10.5,-0.24954834134293735
10522,110061,10.5,-0.24910936707815545
10522,106153,10.5,-0.24934253297799636
10522,8450,1.5428571428571427,-0.2054164086458825
10522,102359,1.7561224489795917,-0.24713814670950196
10522,7791,1.5428571428571427,-0.16725337476614488
10522,10446,10.5,-0.25042975889558616
10522,11064,10.5,-0.2500553224244786
10522,10419,10.5,-0.24992071847880526
10522,11078,10.5,-0.2502945252889812
10522,10447,10.5,-0.25085833147133507
10522,11093,10.5,-0.25070579937644477
10522,11779,10.5,-0.2501812529911045
10522,117593,10.5,-0.25038748504089847
